question_id,claim,verdict,confidence,evidence_source,evidence_sources,evidence_text
1,"Haan, aap PM-KISAN ke liye eligible ho",UNVERIFIABLE,0.8266666666666667,PM-KISAN,"PM-KISAN,PM-KISAN","[PM-KISAN] Whether the benefits of the scheme are admissible to only Small & Marginal Farmers' (SMF) families? No. ln the beginning when the PtV-Kisan Scheme was launched on 24i\ February, 2019, its benefits were admissible only to Small & I/larginal Farmers' (SI\4F) families, with combined landholding upto 2 hectare. The Scheme was later on revised w.e.f. 1 .6.2019 and extended to all farmer families irrespective of the srze of their landholdings The PM-Kisan Scheme was launched by the Hon'ble Prime Minister on 24th February, 2019
---
[PM-KISAN] What are the benefits of the Scheme? The followin cate o of farmers are not eli ible to et the benefits of the PM-Kisan"
1,Pehle toh scheme sirf small,SUPPORTED,0.9766666666666666,PM-KISAN,"PM-KISAN,PM-KISAN","[PM-KISAN] Micro land holdings, which are not cultivable, are excluded from the benefit under the scheme.
---
[PM-KISAN] Whether the benefits of the scheme are admissible to only Small & Marginal Farmers' (SMF) families? No. ln the beginning when the PtV-Kisan Scheme was launched on 24i\ February, 2019, its benefits were admissible only to Small & I/larginal Farmers' (SI\4F) families, with combined landholding upto 2 hectare. The Scheme was later on revised w.e.f. 1 .6.2019 and extended to all farmer families irrespective of the srze of their landholdings The PM-Kisan Scheme was launched by the Hon'ble Prime Minister on 24th February, 2019"
1,marginal farmers ke liye tha,SUPPORTED,0.9333333333333332,PM-KISAN,"PM-KISAN,PM-KISAN","[PM-KISAN] Micro land holdings, which are not cultivable, are excluded from the benefit under the scheme.
---
[PM-KISAN] Whether the benefits of the scheme are admissible to only Small & Marginal Farmers' (SMF) families? No. ln the beginning when the PtV-Kisan Scheme was launched on 24i\ February, 2019, its benefits were admissible only to Small & I/larginal Farmers' (SI\4F) families, with combined landholding upto 2 hectare. The Scheme was later on revised w.e.f. 1 .6.2019 and extended to all farmer families irrespective of the srze of their landholdings The PM-Kisan Scheme was launched by the Hon'ble Prime Minister on 24th February, 2019"
1,"ab sabhi farmer families ko benefit milta hai, chahe unke paas kitni bhi zameen ho",SUPPORTED,0.9700000000000001,PM-KISAN,"PM-KISAN,PM-KISAN","[PM-KISAN] Will any individual or farmer family owning more than 2 hectare of cultivable land get any benefit under the scheme? Yes. The ambit of the scheme has been extended to cover all farmer families, irrespective of the size of their land holdings.
---
[PM-KISAN] Who are eligible to get benefits under the Scheme? All landholding farmers' families, which have cultivable landholding in their names are eligible to get benefit under the scheme"
1,"Bas micro land holdings jo cultivable nahi hai, unko exclude kiya gaya hai",SUPPORTED,0.9899999999999999,PM-KISAN,"PM-KISAN,PM-KISAN","[PM-KISAN] Micro land holdings, which are not cultivable, are excluded from the benefit under the scheme.
---
[PM-KISAN] Whether micro land holdings are admissible for availing the benefit of the Scheme? Micro land holdings, which are not cultivable, are excluded from the benefit under the scheme."
1,"Aapke paas 1 acre zameen hai, toh aapke liye scheme open hai",SUPPORTED,0.9499999999999998,PM-KISAN,"PM-KISAN,PM-KISAN","[PM-KISAN] Will any individual or farmer family owning more than 2 hectare of cultivable land get any benefit under the scheme? Yes. The ambit of the scheme has been extended to cover all farmer families, irrespective of the size of their land holdings.
---
[PM-KISAN] Micro land holdings, which are not cultivable, are excluded from the benefit under the scheme."
2,"Nahin, PM-KISAN scheme sirf un kisano ke liye nahin hai jinke paas apni zameen hai",CONTRADICTED,0.9166666666666666,PM-KISAN,"PM-KISAN,PM-KISAN","[PM-KISAN] 1. Scheme With a view to provide income support to all landholding farmers’ families in the country, having cultivable land, the Central Government has implemented a Central Sector Scheme, namely, “Pradhan Mantri Kisan Samman Nidhi (PM-KISAN)”.
---
[PM-KISAN] Whether the benefits of the scheme are admissible to only Small & Marginal Farmers' (SMF) families? No. ln the beginning when the PtV-Kisan Scheme was launched on 24i\ February, 2019, its benefits were admissible only to Small & I/larginal Farmers' (SI\4F) families, with combined landholding upto 2 hectare. The Scheme was later on revised w.e.f. 1 .6.2019 and extended to all farmer families irrespective of the srze of their landholdings The PM-Kisan Scheme was launched by the Hon'ble Prime Minister on 24th February, 2019"
2,ismein kya kiraye ki zameen wale apply kar sakte hain iske baare mein scheme ke context mein koi jankari nahin di gayi hai,SUPPORTED,0.9,PM-KISAN,"PM-KISAN,Post-Matric Scholarship","[PM-KISAN] 1. Scheme With a view to provide income support to all landholding farmers’ families in the country, having cultivable land, the Central Government has implemented a Central Sector Scheme, namely, “Pradhan Mantri Kisan Samman Nidhi (PM-KISAN)”.
---
[Post-Matric Scholarship] I. Object The objective of the scheme is to provide fina ncial assistance to the Scheduled Caste students studying at post matriculation or post-secondar y stage to enable them to complete their education."
2,"Scheme ke mutabik, ismein landholding farmers' families ko financial benefit diya jaata hai",SUPPORTED,0.9833333333333334,PM-KISAN,"PM-KISAN,PM-KISAN","[PM-KISAN] Who are eligible to get benefits under the Scheme? All landholding farmers' families, which have cultivable landholding in their names are eligible to get benefit under the scheme
---
[PM-KISAN] 2. Objective and Benefits The scheme aims to supplement the financial needs of all landholding farmers’ families in procuring various inputs to ensure proper crop health and appropriate yields, commensurate with the anticipated farm income as well as for domestic needs. Under the Scheme an amount of Rs.6000/- per year is released by the Central Government online directly into the bank accounts of the eligible farmers under Direct Benefit Transfer mode, subject to certain exclusions. 3. Definition of farmer’s family A landholder farmer’s family is defined as “a family comprising of husband, wife and minor children who owns cultivable land as per land records of the concerned State/UT”.  The existing land-ownership system will be used for identification of beneficiaries for calculation of benefit."
2,yeh nahin bataya gaya hai ki kiraye ki zameen wale ismein shaamil hain ya nahin,UNVERIFIABLE,0.9,Ayushman Bharat,"Ayushman Bharat,Post-Matric Scholarship","[Ayushman Bharat] Improved quality of life for the population.
---
[Post-Matric Scholarship] The student should be pursuing education after the matriculation examination."
3,"Arre, yeh to context mein clearly nahi likha hai ki government employee hone se PM-KISAN ka fayda milta hai ya nahi",SUPPORTED,0.9499999999999998,PM-KISAN,"PM-KISAN,Ayushman Bharat","[PM-KISAN] 1. Scheme With a view to provide income support to all landholding farmers’ families in the country, having cultivable land, the Central Government has implemented a Central Sector Scheme, namely, “Pradhan Mantri Kisan Samman Nidhi (PM-KISAN)”.
---
[Ayushman Bharat] Improved quality of life for the population."
3,Bas itna likha hai ki shuruat mein sirf small,SUPPORTED,0.9533333333333333,PM-KISAN,"PM-KISAN,PM-KISAN","[PM-KISAN] Whether the benefits of the scheme are admissible to only Small & Marginal Farmers' (SMF) families? No. ln the beginning when the PtV-Kisan Scheme was launched on 24i\ February, 2019, its benefits were admissible only to Small & I/larginal Farmers' (SI\4F) families, with combined landholding upto 2 hectare. The Scheme was later on revised w.e.f. 1 .6.2019 and extended to all farmer families irrespective of the srze of their landholdings The PM-Kisan Scheme was launched by the Hon'ble Prime Minister on 24th February, 2019
---
[PM-KISAN] Micro land holdings, which are not cultivable, are excluded from the benefit under the scheme."
3,marginal farmers ke liye tha,SUPPORTED,0.9499999999999998,PM-KISAN,"PM-KISAN,PM-KISAN","[PM-KISAN] Micro land holdings, which are not cultivable, are excluded from the benefit under the scheme.
---
[PM-KISAN] Whether the benefits of the scheme are admissible to only Small & Marginal Farmers' (SMF) families? No. ln the beginning when the PtV-Kisan Scheme was launched on 24i\ February, 2019, its benefits were admissible only to Small & I/larginal Farmers' (SI\4F) families, with combined landholding upto 2 hectare. The Scheme was later on revised w.e.f. 1 .6.2019 and extended to all farmer families irrespective of the srze of their landholdings The PM-Kisan Scheme was launched by the Hon'ble Prime Minister on 24th February, 2019"
3,baad mein sabhi farmer families ko include kar liya gaya,SUPPORTED,0.9700000000000001,PM-KISAN,"PM-KISAN,PM-KISAN","[PM-KISAN] Will any individual or farmer family owning more than 2 hectare of cultivable land get any benefit under the scheme? Yes. The ambit of the scheme has been extended to cover all farmer families, irrespective of the size of their land holdings.
---
[PM-KISAN] 1. Scheme With a view to provide income support to all landholding farmers’ families in the country, having cultivable land, the Central Government has implemented a Central Sector Scheme, namely, “Pradhan Mantri Kisan Samman Nidhi (PM-KISAN)”."
3,"exclusion criteria ke baare mein kuch nahi likha hai, to hum keh nahi sakte ki government employee hone se fayda milega ya nahi",CONTRADICTED,0.98,PM-KISAN,"PM-KISAN,PM-KISAN","[PM-KISAN] Micro land holdings, which are not cultivable, are excluded from the benefit under the scheme.
---
[PM-KISAN] 4 Exclusions 4.1 The following categories of beneficiaries of higher economic status shall not be eligible for benefit under the scheme: (a) All Institutional Land holders; and (b) Farmer families in which one or more of its members belong to following categories : i) Former and present holders of constitutional posts ii) Former and present Ministers / State Ministers and former / present  Members of Lok Sabha / Rajya Sabha / State Legislative Assemblies / State Legislative Councils, former and present Mayors of Municipal Corporations, former and present Chairpersons of District Panchayats. iii) All serving or retired officers and employees of Central / State Government Ministries / Offices / Departments and their field units, Central or State PSEs and Attached offices / Autonomous Institutions under Government as well as regular employees of the Local Bodies (Excluding Multi Tasking Staff / Class IV / Group D employees) iv) All superannuated / retired pensioners whose monthly pension is Rs.10,000/- or more (Excluding Multi Tasking Staff / Class IV / Group D employees) v) All Persons who paid Income Tax in last assessment year. vi) Professionals like Doctors, Engineers, Lawyers, Chartered Accountants, and Architects registered with Professional bodies and carrying out profession by undertaking practices. (c) In case of new beneficiaries being uploaded on the PM-KISAN Portal, all land holding farmers’ families who are Non-resident Indians (NRIs) in terms of the provisions of the Income Tax Act, 1961 shall be excluded from any benefit under the Scheme. 4.2 For the purpose of exclusion State / UT Governments can certify the eligibility of the beneficiaries based on self declaration by the beneficiaries. In case beneficiary is not available / does not reside in the village, State / UT Governments may consider certification based on the declaration by other adult member of his / her family. In case of incorrect self declaration, beneficiary shall be liable for recovery of transferred financial benefit and other penal actions as per law."
4,PM-KISAN ke liye minimum landholding requirement nahin hai,SUPPORTED,0.9499999999999998,PM-KISAN,"PM-KISAN,PM-KISAN","[PM-KISAN] Whether the benefits of the scheme are admissible to only Small & Marginal Farmers' (SMF) families? No. ln the beginning when the PtV-Kisan Scheme was launched on 24i\ February, 2019, its benefits were admissible only to Small & I/larginal Farmers' (SI\4F) families, with combined landholding upto 2 hectare. The Scheme was later on revised w.e.f. 1 .6.2019 and extended to all farmer families irrespective of the srze of their landholdings The PM-Kisan Scheme was launched by the Hon'ble Prime Minister on 24th February, 2019
---
[PM-KISAN] If cultivable land ownership transfers due to succession following the landowner's death, the successor's family remains entitled to PM-KISAN benefits, subject to meeting the scheme's other conditions and exclusion criteria."
4,"Pehle scheme launch hua tha sirf Small & Marginal Farmers' (SMF) families ke liye, jinke paas 2 hectare tak ki landholding thi",SUPPORTED,0.98,PM-KISAN,"PM-KISAN,PM-KISAN","[PM-KISAN] Will any individual or farmer family owning more than 2 hectare of cultivable land get any benefit under the scheme? Yes. The ambit of the scheme has been extended to cover all farmer families, irrespective of the size of their land holdings.
---
[PM-KISAN] Whether the benefits of the scheme are admissible to only Small & Marginal Farmers' (SMF) families? No. ln the beginning when the PtV-Kisan Scheme was launched on 24i\ February, 2019, its benefits were admissible only to Small & I/larginal Farmers' (SI\4F) families, with combined landholding upto 2 hectare. The Scheme was later on revised w.e.f. 1 .6.2019 and extended to all farmer families irrespective of the srze of their landholdings The PM-Kisan Scheme was launched by the Hon'ble Prime Minister on 24th February, 2019"
4,baad mein scheme revise kiya gaya,SUPPORTED,0.98,PM-KISAN,"PM-KISAN,PM-KISAN","[PM-KISAN] Whether the benefits of the scheme are admissible to only Small & Marginal Farmers' (SMF) families? No. ln the beginning when the PtV-Kisan Scheme was launched on 24i\ February, 2019, its benefits were admissible only to Small & I/larginal Farmers' (SI\4F) families, with combined landholding upto 2 hectare. The Scheme was later on revised w.e.f. 1 .6.2019 and extended to all farmer families irrespective of the srze of their landholdings The PM-Kisan Scheme was launched by the Hon'ble Prime Minister on 24th February, 2019
---
[PM-KISAN] From which date the Scheme has come into effect? The scheme takes effect from 01 .12.2018"
4,"ab yeh scheme sabhi farmer families ke liye hai, chahe unke paas kitni bhi landholding ho",SUPPORTED,0.98,PM-KISAN,"PM-KISAN,PM-KISAN","[PM-KISAN] Will any individual or farmer family owning more than 2 hectare of cultivable land get any benefit under the scheme? Yes. The ambit of the scheme has been extended to cover all farmer families, irrespective of the size of their land holdings.
---
[PM-KISAN] Who are eligible to get benefits under the Scheme? All landholding farmers' families, which have cultivable landholding in their names are eligible to get benefit under the scheme"
5,"PM-KISAN ki agarli installment kab tak aayegi, iske baare mein to exact date nahi di gayi hai",SUPPORTED,0.9499999999999998,PM-KISAN,"PM-KISAN,PM-KISAN","[PM-KISAN] If a farmer registered under the Scheme does not receive any installment in any 4-monthly period for any reason, whether he / she will be able to receive the same later on? Yes. The beneficiaries, whose names are uploaded on P[\/-Kisan portal by the concerned State / UT Governments in a particular 4-monthly period, shall be entitled to receive the benefit for that period with effect from that 4-monthly period itself. lf they do not receive the payment of installment pertaining to that 4-monthly period and subsequent installments for any reason, except due to rejection for falling within the exclusion criteria, they are entitled to receive the benefits of all the due installments as and when the cause of delay is removed / resolved. For example, if an eligible farmer's name has been uploaded on the PIV-KISAN portal by the State / UT Government during the 4-monthly period of December. 2018 - l\/arch, 2019, he/she is entitled to get the installment pertaining to December, 2018 - lVarch, 20'19 period, and also all subsequent installments. Further. if the eligible farmer's name is uploaded on the PIV- KISAN portal during the 4-monthly period of April-July, 2019, he/she is entitled to get the installment pertarning to April-July, 2019 period and also all subsequent installments. lVlany beneficiaries, who have received installments pertaining to December, 2018 - IMarch, 2019 period and April-July, 2019 period were not able to receive the installment pertaining to August,-November, 2019 period. The reason for this delay was the mandatory requirement of release of all installments pertaining to the 4-monthly period August-November, 2019 and onwards only on the basis of Aadhaar seeded data of beneficiaries. This work of Aadhaar seeding of data of beneficiaries had not been completed by many State / UT Governments. Therefore, the Central Government uirement till 30th November, 2019. The State / UTrelaxed this mandato re I Governments are required to complete the work of Aadhaar seeding of 100% beneficiaries by 30th November, 2019, so that the beneficiaries are able to receive the installment pertaining to the 4-monthly period of December, 2019 - March, 2020, and all subsequent installments. Beneficiaries in the States of Assam, Meghalaya and J&K (now UTs of J&K and Laddakh) have been exempted from all Aadhaar related requirements till 31't IVIarch, 2020, by which time these States are also required to complete the process of Aadhaar enrollment of all eligible farmers as well as Aadhaar seeding of their data under this Scheme.
---
[PM-KISAN] Whether the benefits of the scheme are admissible to only Small & Marginal Farmers' (SMF) families? No. ln the beginning when the PtV-Kisan Scheme was launched on 24i\ February, 2019, its benefits were admissible only to Small & I/larginal Farmers' (SI\4F) families, with combined landholding upto 2 hectare. The Scheme was later on revised w.e.f. 1 .6.2019 and extended to all farmer families irrespective of the srze of their landholdings The PM-Kisan Scheme was launched by the Hon'ble Prime Minister on 24th February, 2019"
5,yeh scheme ke mutabik 4 monthly period mein 3 equal installments of Rs.2000 each di jaati hai,SUPPORTED,0.98,PM-KISAN,"PM-KISAN,PM-KISAN","[PM-KISAN] The Rs.6000/year benefit is released in 3 installments of Rs.2000 each every 4-month trimester: April-July, August-November, and December-March.
---
[PM-KISAN] How many times the benefit will be given in a year? Under the Plv-KlsAN scheme, all landholding farmers' families shall be provided the financial benefit of Rs.6000/- per annum per family payable in three equal installments of Rs.200O/- each, every four months. The period of 1't installment under the scheme is from 01 .12 2O18 to 31 03 2019, that of 2nd installment from 01 04.2019 to 31 07 .2019,3'd installment from 01 08.2019 to 30 11 2019, and so on"
5,"Toh agar aapke paas pehli installment aa chuki hai, toh agli installment 4 month ke baad aayegi",SUPPORTED,0.9633333333333333,PM-KISAN,"PM-KISAN,PM-KISAN","[PM-KISAN] The Rs.6000/year benefit is released in 3 installments of Rs.2000 each every 4-month trimester: April-July, August-November, and December-March.
---
[PM-KISAN] If a farmer registered under the Scheme does not receive any installment in any 4-monthly period for any reason, whether he / she will be able to receive the same later on? Yes. The beneficiaries, whose names are uploaded on P[\/-Kisan portal by the concerned State / UT Governments in a particular 4-monthly period, shall be entitled to receive the benefit for that period with effect from that 4-monthly period itself. lf they do not receive the payment of installment pertaining to that 4-monthly period and subsequent installments for any reason, except due to rejection for falling within the exclusion criteria, they are entitled to receive the benefits of all the due installments as and when the cause of delay is removed / resolved. For example, if an eligible farmer's name has been uploaded on the PIV-KISAN portal by the State / UT Government during the 4-monthly period of December. 2018 - l\/arch, 2019, he/she is entitled to get the installment pertaining to December, 2018 - lVarch, 20'19 period, and also all subsequent installments. Further. if the eligible farmer's name is uploaded on the PIV- KISAN portal during the 4-monthly period of April-July, 2019, he/she is entitled to get the installment pertarning to April-July, 2019 period and also all subsequent installments. lVlany beneficiaries, who have received installments pertaining to December, 2018 - IMarch, 2019 period and April-July, 2019 period were not able to receive the installment pertaining to August,-November, 2019 period. The reason for this delay was the mandatory requirement of release of all installments pertaining to the 4-monthly period August-November, 2019 and onwards only on the basis of Aadhaar seeded data of beneficiaries. This work of Aadhaar seeding of data of beneficiaries had not been completed by many State / UT Governments. Therefore, the Central Government uirement till 30th November, 2019. The State / UTrelaxed this mandato re I Governments are required to complete the work of Aadhaar seeding of 100% beneficiaries by 30th November, 2019, so that the beneficiaries are able to receive the installment pertaining to the 4-monthly period of December, 2019 - March, 2020, and all subsequent installments. Beneficiaries in the States of Assam, Meghalaya and J&K (now UTs of J&K and Laddakh) have been exempted from all Aadhaar related requirements till 31't IVIarch, 2020, by which time these States are also required to complete the process of Aadhaar enrollment of all eligible farmers as well as Aadhaar seeding of their data under this Scheme."
6,Context mein naye kisan registration ke liye last date ka ullekh nahi hai,UNVERIFIABLE,0.85,Post-Matric Scholarship,"Post-Matric Scholarship,PM Awas Yojana","[Post-Matric Scholarship] XI. Announcement of the Scheme All the State Governments/UT Administrations will announce in May-June, the details of the scheme and invite applications by issuing an a dvertisement in the leading newspapers of the State and through their respective websites and other media outfits . All requests for application forms and other particulars shou ld be addressed to the Govern ment of State/Union Territory Administration to which the scholars actually belong. The applicant should submit the completed application to the prescribed authority before the last date prescribed for receipt of applications.
---
[PM Awas Yojana] 5.1.7 The condition of the house e.g. kutcha, semi-kutcha etc. of the prospective beneficiary should be checked and verified on ground to ascertain eligibility for construction of new house."
7,PM-KISAN ke liye eKYC complete karne ki deadline ke bare mein is context mein koi jankari nahin hai,SUPPORTED,0.9333333333333332,PM-KISAN,"PM-KISAN,PM-KISAN","[PM-KISAN] 1. Scheme With a view to provide income support to all landholding farmers’ families in the country, having cultivable land, the Central Government has implemented a Central Sector Scheme, namely, “Pradhan Mantri Kisan Samman Nidhi (PM-KISAN)”.
---
[PM-KISAN] Whether the benefits of the scheme are admissible to only Small & Marginal Farmers' (SMF) families? No. ln the beginning when the PtV-Kisan Scheme was launched on 24i\ February, 2019, its benefits were admissible only to Small & I/larginal Farmers' (SI\4F) families, with combined landholding upto 2 hectare. The Scheme was later on revised w.e.f. 1 .6.2019 and extended to all farmer families irrespective of the srze of their landholdings The PM-Kisan Scheme was launched by the Hon'ble Prime Minister on 24th February, 2019"
8,"PM-KISAN scheme mein ek saal mein total 6000 rupees milta hai, jo ki 3 installments mein diya jata hai, har installment mein 2000 rupees",SUPPORTED,0.9899999999999999,PM-KISAN,"PM-KISAN,PM-KISAN","[PM-KISAN] Who are not eligible to get benefits under the Scheme? (What are the Exclusion Criteria under the Scheme?) Under the PM-KISAN scheme, all landholding farmers' famities shall be provided the financial benefit of Rs.6000/- per annum per family payable in three equal installments of Rs.2000/- each, every four months.
---
[PM-KISAN] The Rs.6000/year benefit is released in 3 installments of Rs.2000 each every 4-month trimester: April-July, August-November, and December-March."
9,Har installment mein 2000 rupees transfer hote hain,SUPPORTED,0.9899999999999999,PM-KISAN,"PM-KISAN,PM-KISAN","[PM-KISAN] The Rs.6000/year benefit is released in 3 installments of Rs.2000 each every 4-month trimester: April-July, August-November, and December-March.
---
[PM-KISAN] How many times the benefit will be given in a year? Under the Plv-KlsAN scheme, all landholding farmers' families shall be provided the financial benefit of Rs.6000/- per annum per family payable in three equal installments of Rs.200O/- each, every four months. The period of 1't installment under the scheme is from 01 .12 2O18 to 31 03 2019, that of 2nd installment from 01 04.2019 to 31 07 .2019,3'd installment from 01 08.2019 to 30 11 2019, and so on"
9,"Total 6000 rupees per annum per family diya jata hai, jo 3 equal installments mein diya jata hai, har 4 mahine mein 2000 rupees",SUPPORTED,0.9899999999999999,PM-KISAN,"PM-KISAN,PM-KISAN","[PM-KISAN] The Rs.6000/year benefit is released in 3 installments of Rs.2000 each every 4-month trimester: April-July, August-November, and December-March.
---
[PM-KISAN] Who are not eligible to get benefits under the Scheme? (What are the Exclusion Criteria under the Scheme?) Under the PM-KISAN scheme, all landholding farmers' famities shall be provided the financial benefit of Rs.6000/- per annum per family payable in three equal installments of Rs.2000/- each, every four months."
10,"Haan, PM-KISAN scheme ke hisab se, sabhi states ke kisano ke liye amount same hai, jo ki Rs. 6000 per annum per family hai, jo ki 3 equal installments mein diya jata hai, har installment Rs. 2000 ka hota hai",SUPPORTED,0.9700000000000001,PM-KISAN,"PM-KISAN,PM-KISAN","[PM-KISAN] Who are not eligible to get benefits under the Scheme? (What are the Exclusion Criteria under the Scheme?) Under the PM-KISAN scheme, all landholding farmers' famities shall be provided the financial benefit of Rs.6000/- per annum per family payable in three equal installments of Rs.2000/- each, every four months.
---
[PM-KISAN] How many times the benefit will be given in a year? Under the Plv-KlsAN scheme, all landholding farmers' families shall be provided the financial benefit of Rs.6000/- per annum per family payable in three equal installments of Rs.200O/- each, every four months. The period of 1't installment under the scheme is from 01 .12 2O18 to 31 03 2019, that of 2nd installment from 01 04.2019 to 31 07 .2019,3'd installment from 01 08.2019 to 30 11 2019, and so on"
11,"Haan, agar aapka application late approve hua hai, to bhi aapko pichle installments mil sakte hain",UNVERIFIABLE,0.85,PM Awas Yojana,"PM Awas Yojana,PM Awas Yojana","[PM Awas Yojana] 5.2.10 All projects under AHP shall be completed within 24-36 months from the date of receipt of all Statutory approvals. All statutory approvals including NOCs shall have to be obtained within 3 months from the date of approval of CSMC. If the projects are not completed in all respect within this timeline, the subsequent instalments of Central Assistance for such projects will be released subject to approval of CSMC.
---
[PM Awas Yojana] 5.2.14 Under any circumstances except force majeure event(s), if agency fails to fulfil any obligations stipulated in scheme guidelines and agreement signed thereto or unable to complete AHP project in all respect within agreed timeframe; all earlier releases to Agencies will be recovered along with applicable accrued interest as per applicable laws."
11,"PM-KISAN scheme ke hisaab se, agar aapka naam portal par upload ho gaya hai, to aapko us 4-monthly period ke liye installment mil sakta hai",SUPPORTED,0.9700000000000001,PM-KISAN,"PM-KISAN,PM-KISAN","[PM-KISAN] If a farmer registered under the Scheme does not receive any installment in any 4-monthly period for any reason, whether he / she will be able to receive the same later on? Yes. The beneficiaries, whose names are uploaded on P[\/-Kisan portal by the concerned State / UT Governments in a particular 4-monthly period, shall be entitled to receive the benefit for that period with effect from that 4-monthly period itself. lf they do not receive the payment of installment pertaining to that 4-monthly period and subsequent installments for any reason, except due to rejection for falling within the exclusion criteria, they are entitled to receive the benefits of all the due installments as and when the cause of delay is removed / resolved. For example, if an eligible farmer's name has been uploaded on the PIV-KISAN portal by the State / UT Government during the 4-monthly period of December. 2018 - l\/arch, 2019, he/she is entitled to get the installment pertaining to December, 2018 - lVarch, 20'19 period, and also all subsequent installments. Further. if the eligible farmer's name is uploaded on the PIV- KISAN portal during the 4-monthly period of April-July, 2019, he/she is entitled to get the installment pertarning to April-July, 2019 period and also all subsequent installments. lVlany beneficiaries, who have received installments pertaining to December, 2018 - IMarch, 2019 period and April-July, 2019 period were not able to receive the installment pertaining to August,-November, 2019 period. The reason for this delay was the mandatory requirement of release of all installments pertaining to the 4-monthly period August-November, 2019 and onwards only on the basis of Aadhaar seeded data of beneficiaries. This work of Aadhaar seeding of data of beneficiaries had not been completed by many State / UT Governments. Therefore, the Central Government uirement till 30th November, 2019. The State / UTrelaxed this mandato re I Governments are required to complete the work of Aadhaar seeding of 100% beneficiaries by 30th November, 2019, so that the beneficiaries are able to receive the installment pertaining to the 4-monthly period of December, 2019 - March, 2020, and all subsequent installments. Beneficiaries in the States of Assam, Meghalaya and J&K (now UTs of J&K and Laddakh) have been exempted from all Aadhaar related requirements till 31't IVIarch, 2020, by which time these States are also required to complete the process of Aadhaar enrollment of all eligible farmers as well as Aadhaar seeding of their data under this Scheme.
---
[PM-KISAN] The PM-KISAN Portal (pmkisan.gov.in) is used by State/UT Governments to upload beneficiary details. Required farmer attributes include State, District, Village, Farmer Name, Aadhaar Number (or enrollment number), Gender, Category, IFSC Code, and Bank Account Number; optional attributes include Father's Name, Address, Mobile Number, and Date of Birth."
11,agle installments bhi mil sakte hain jab tak ki delay ka kaaran resolve ho jaye,UNVERIFIABLE,0.8333333333333334,PM Awas Yojana,"PM Awas Yojana,PM Awas Yojana","[PM Awas Yojana] 5.2.14 Under any circumstances except force majeure event(s), if agency fails to fulfil any obligations stipulated in scheme guidelines and agreement signed thereto or unable to complete AHP project in all respect within agreed timeframe; all earlier releases to Agencies will be recovered along with applicable accrued interest as per applicable laws.
---
[PM Awas Yojana] 5.2.10 All projects under AHP shall be completed within 24-36 months from the date of receipt of all Statutory approvals. All statutory approvals including NOCs shall have to be obtained within 3 months from the date of approval of CSMC. If the projects are not completed in all respect within this timeline, the subsequent instalments of Central Assistance for such projects will be released subject to approval of CSMC."
12,"PM-KISAN ke liye aapko name, age, gender, category (SC/ST), Aadhaar number (Assam, Meghalaya, J&K ke alawa), bank account number, IFSC code",SUPPORTED,0.98,PM-KISAN,"PM-KISAN,PM-KISAN","[PM-KISAN] What is the mandatory information required to be submitted on PM-KISAN portal for the transfer of benefits? The following informatron / documents are requlred to be furnished by the farmers for enrollment under PI\/-Kisan Scheme (i) Name, Age, Gender and Category (SC/ST) (ii) Aadhaar Number [except in case of farmers in the States of Assam, lr/eghalaya and J&K (now UTs of J&K and Laddakh), where Aadhaar number has not been issued to most of the citizens, and therefore these States have been exempted from the requirement till 31't N/arch, 2020. ln these States / UTs, Aadhaar number shall be collected for those beneficiaries where it is available and for others alternate prescribed documents can be collected for identity verification purposes by the States/UT Governments, like Aadhaar Enrollment 18. ls any person / farmer who is cultivating a land but is not having the land holding in his / her own name, for example tenant farmers, is eligible to get benefit under the Scheme? (iii) (iv) Number and / or any other prescribed documents for purposes of the identification such as Driving Licence, Voters' lD Card, NREGA Job Card, or any other identification documents issued by Central/State/UT Governments or their authoritres, etc.) Bank Account Number and IFSC Code. [\tlobile number - though it is not mandatory but it is advised that when available it may be provided so that the information related to transfer of benefit can be communicated.
---
[PM-KISAN] The PM-KISAN Portal (pmkisan.gov.in) is used by State/UT Governments to upload beneficiary details. Required farmer attributes include State, District, Village, Farmer Name, Aadhaar Number (or enrollment number), Gender, Category, IFSC Code, and Bank Account Number; optional attributes include Father's Name, Address, Mobile Number, and Date of Birth."
12,"kuchh anya identification documents jaise ki driving licence, voter ID card, NREGA job card chahiye",SUPPORTED,0.8433333333333334,Ayushman Bharat,"Ayushman Bharat,PM-KISAN","[Ayushman Bharat] What are the most common documents for checking the eligibility for Ayushman Bharat Pradhan Mantri Jan Arogya Yojana? PM/CM entitlement letter Ration Card Aadhaar Card for identification only
---
[PM-KISAN] What is the mandatory information required to be submitted on PM-KISAN portal for the transfer of benefits? The following informatron / documents are requlred to be furnished by the farmers for enrollment under PI\/-Kisan Scheme (i) Name, Age, Gender and Category (SC/ST) (ii) Aadhaar Number [except in case of farmers in the States of Assam, lr/eghalaya and J&K (now UTs of J&K and Laddakh), where Aadhaar number has not been issued to most of the citizens, and therefore these States have been exempted from the requirement till 31't N/arch, 2020. ln these States / UTs, Aadhaar number shall be collected for those beneficiaries where it is available and for others alternate prescribed documents can be collected for identity verification purposes by the States/UT Governments, like Aadhaar Enrollment 18. ls any person / farmer who is cultivating a land but is not having the land holding in his / her own name, for example tenant farmers, is eligible to get benefit under the Scheme? (iii) (iv) Number and / or any other prescribed documents for purposes of the identification such as Driving Licence, Voters' lD Card, NREGA Job Card, or any other identification documents issued by Central/State/UT Governments or their authoritres, etc.) Bank Account Number and IFSC Code. [\tlobile number - though it is not mandatory but it is advised that when available it may be provided so that the information related to transfer of benefit can be communicated."
12,Mobile number bhi dena hai,UNVERIFIABLE,0.9,Ayushman Bharat,"Ayushman Bharat,Ayushman Bharat","[Ayushman Bharat] Eligible beneficiaries can avail services across India, offering benefit of national portability. Can reach out for information, assistance, complaints and grievances to a 24X7 helpline number – 14555
---
[Ayushman Bharat] Is there any State/National toll free number? Toll-Free Call Center Number – 14555/ 1800111565 / 18001802415 FAQ"
12,woh mandatory nahi hai,CONTRADICTED,0.9033333333333333,PM-KISAN,"PM-KISAN,PM-KISAN","[PM-KISAN] Whether giving Aadhaar details is mandatory for availing benefit under the Scheme? Aadhaar number was optional and not mandatory for release of 1st installment pertaining to the period 01 .12.2018 to 31.03.2019, whereas only possession of Aadhaar number was made mandatory for release of 2nd installment pertaining to the period 01 .04.2019 to 31 .07.2019. Further, Aadhaar seeding of beneficiaries' data was made mandatory for release of 3'o installment pertaining to the period 01.08.2019, and for subsequent installments onwards. Recently, however, Government has relaxed the mandatory requirement of Aadhaar seeding of beneficiaries' data upto 30.1 1.20'19. This mandatory requirement of Aadhaar seeding of the beneficiaries' data would continue to applicable for release of all installments w.e.f . O1 .12.2019. However, Assam, Meghalaya and Jammu & Kashmir, where Aadhaar penetration has not been much, have been given exemption from this mandatory requirement till 31.03.2020.
---
[PM-KISAN] Benefit transfer requires an Aadhaar-linked bank account. Aadhaar number is mandatory for all beneficiaries for installments from the December 2019-March 2020 trimester onwards, except Assam, Meghalaya, and Jammu & Kashmir, which were exempted till 31.3.2021."
13,Aadhaar card PM-KISAN ke liye mandatory hai,CONTRADICTED,0.9166666666666666,PM-KISAN,"PM-KISAN,PM-KISAN","[PM-KISAN] What is the mandatory information required to be submitted on PM-KISAN portal for the transfer of benefits? The following informatron / documents are requlred to be furnished by the farmers for enrollment under PI\/-Kisan Scheme (i) Name, Age, Gender and Category (SC/ST) (ii) Aadhaar Number [except in case of farmers in the States of Assam, lr/eghalaya and J&K (now UTs of J&K and Laddakh), where Aadhaar number has not been issued to most of the citizens, and therefore these States have been exempted from the requirement till 31't N/arch, 2020. ln these States / UTs, Aadhaar number shall be collected for those beneficiaries where it is available and for others alternate prescribed documents can be collected for identity verification purposes by the States/UT Governments, like Aadhaar Enrollment 18. ls any person / farmer who is cultivating a land but is not having the land holding in his / her own name, for example tenant farmers, is eligible to get benefit under the Scheme? (iii) (iv) Number and / or any other prescribed documents for purposes of the identification such as Driving Licence, Voters' lD Card, NREGA Job Card, or any other identification documents issued by Central/State/UT Governments or their authoritres, etc.) Bank Account Number and IFSC Code. [\tlobile number - though it is not mandatory but it is advised that when available it may be provided so that the information related to transfer of benefit can be communicated.
---
[PM-KISAN] Whether giving Aadhaar details is mandatory for availing benefit under the Scheme? Aadhaar number was optional and not mandatory for release of 1st installment pertaining to the period 01 .12.2018 to 31.03.2019, whereas only possession of Aadhaar number was made mandatory for release of 2nd installment pertaining to the period 01 .04.2019 to 31 .07.2019. Further, Aadhaar seeding of beneficiaries' data was made mandatory for release of 3'o installment pertaining to the period 01.08.2019, and for subsequent installments onwards. Recently, however, Government has relaxed the mandatory requirement of Aadhaar seeding of beneficiaries' data upto 30.1 1.20'19. This mandatory requirement of Aadhaar seeding of the beneficiaries' data would continue to applicable for release of all installments w.e.f . O1 .12.2019. However, Assam, Meghalaya and Jammu & Kashmir, where Aadhaar penetration has not been much, have been given exemption from this mandatory requirement till 31.03.2020."
13,Jammu & Kashmir ke kuch cases mein exemption di gayi hai,UNVERIFIABLE,0.9,PM-KISAN,"PM-KISAN,PM-KISAN","[PM-KISAN] Micro land holdings, which are not cultivable, are excluded from the benefit under the scheme.
---
[PM-KISAN] 4 Exclusions 4.1 The following categories of beneficiaries of higher economic status shall not be eligible for benefit under the scheme: (a) All Institutional Land holders; and (b) Farmer families in which one or more of its members belong to following categories : i) Former and present holders of constitutional posts ii) Former and present Ministers / State Ministers and former / present  Members of Lok Sabha / Rajya Sabha / State Legislative Assemblies / State Legislative Councils, former and present Mayors of Municipal Corporations, former and present Chairpersons of District Panchayats. iii) All serving or retired officers and employees of Central / State Government Ministries / Offices / Departments and their field units, Central or State PSEs and Attached offices / Autonomous Institutions under Government as well as regular employees of the Local Bodies (Excluding Multi Tasking Staff / Class IV / Group D employees) iv) All superannuated / retired pensioners whose monthly pension is Rs.10,000/- or more (Excluding Multi Tasking Staff / Class IV / Group D employees) v) All Persons who paid Income Tax in last assessment year. vi) Professionals like Doctors, Engineers, Lawyers, Chartered Accountants, and Architects registered with Professional bodies and carrying out profession by undertaking practices. (c) In case of new beneficiaries being uploaded on the PM-KISAN Portal, all land holding farmers’ families who are Non-resident Indians (NRIs) in terms of the provisions of the Income Tax Act, 1961 shall be excluded from any benefit under the Scheme. 4.2 For the purpose of exclusion State / UT Governments can certify the eligibility of the beneficiaries based on self declaration by the beneficiaries. In case beneficiary is not available / does not reside in the village, State / UT Governments may consider certification based on the declaration by other adult member of his / her family. In case of incorrect self declaration, beneficiary shall be liable for recovery of transferred financial benefit and other penal actions as per law."
13,"Jab tak aapke paas Aadhaar card nahi hai, toh aapko doosre documents jaise ki driving license, voter ID card, ya NREGA job card bhi submit karne pad sakte hain",SUPPORTED,0.96,Ayushman Bharat,"Ayushman Bharat,PM-KISAN","[Ayushman Bharat] What are the most common documents for checking the eligibility for Ayushman Bharat Pradhan Mantri Jan Arogya Yojana? PM/CM entitlement letter Ration Card Aadhaar Card for identification only
---
[PM-KISAN] What is the mandatory information required to be submitted on PM-KISAN portal for the transfer of benefits? The following informatron / documents are requlred to be furnished by the farmers for enrollment under PI\/-Kisan Scheme (i) Name, Age, Gender and Category (SC/ST) (ii) Aadhaar Number [except in case of farmers in the States of Assam, lr/eghalaya and J&K (now UTs of J&K and Laddakh), where Aadhaar number has not been issued to most of the citizens, and therefore these States have been exempted from the requirement till 31't N/arch, 2020. ln these States / UTs, Aadhaar number shall be collected for those beneficiaries where it is available and for others alternate prescribed documents can be collected for identity verification purposes by the States/UT Governments, like Aadhaar Enrollment 18. ls any person / farmer who is cultivating a land but is not having the land holding in his / her own name, for example tenant farmers, is eligible to get benefit under the Scheme? (iii) (iv) Number and / or any other prescribed documents for purposes of the identification such as Driving Licence, Voters' lD Card, NREGA Job Card, or any other identification documents issued by Central/State/UT Governments or their authoritres, etc.) Bank Account Number and IFSC Code. [\tlobile number - though it is not mandatory but it is advised that when available it may be provided so that the information related to transfer of benefit can be communicated."
13,"generally, Aadhaar card mandatory hai PM-KISAN ke benefits ke liye",SUPPORTED,0.9166666666666666,PM-KISAN,"PM-KISAN,PM-KISAN","[PM-KISAN] What is the mandatory information required to be submitted on PM-KISAN portal for the transfer of benefits? The following informatron / documents are requlred to be furnished by the farmers for enrollment under PI\/-Kisan Scheme (i) Name, Age, Gender and Category (SC/ST) (ii) Aadhaar Number [except in case of farmers in the States of Assam, lr/eghalaya and J&K (now UTs of J&K and Laddakh), where Aadhaar number has not been issued to most of the citizens, and therefore these States have been exempted from the requirement till 31't N/arch, 2020. ln these States / UTs, Aadhaar number shall be collected for those beneficiaries where it is available and for others alternate prescribed documents can be collected for identity verification purposes by the States/UT Governments, like Aadhaar Enrollment 18. ls any person / farmer who is cultivating a land but is not having the land holding in his / her own name, for example tenant farmers, is eligible to get benefit under the Scheme? (iii) (iv) Number and / or any other prescribed documents for purposes of the identification such as Driving Licence, Voters' lD Card, NREGA Job Card, or any other identification documents issued by Central/State/UT Governments or their authoritres, etc.) Bank Account Number and IFSC Code. [\tlobile number - though it is not mandatory but it is advised that when available it may be provided so that the information related to transfer of benefit can be communicated.
---
[PM-KISAN] The PM-KISAN Portal (pmkisan.gov.in) is used by State/UT Governments to upload beneficiary details. Required farmer attributes include State, District, Village, Farmer Name, Aadhaar Number (or enrollment number), Gender, Category, IFSC Code, and Bank Account Number; optional attributes include Father's Name, Address, Mobile Number, and Date of Birth."
14,"Land ownership proof ke liye aapko apna land ka document dena hota hai, jaise ki land record ya ownership certificate",CONTRADICTED,0.9499999999999998,PM-KISAN,"PM-KISAN,PM Awas Yojana","[PM-KISAN] In some North-Eastern states with community-based land ownership (e.g. Manipur, Nagaland), alternate certification via village council/chief, verified by administrative officers, is used to identify eligible beneficiaries instead of standard land records, subject to the scheme's usual exclusion criteria. A similar lineage-based (Vanshavali) verification process applies in Jharkhand.
---
[PM Awas Yojana] 5.1.7 The condition of the house e.g. kutcha, semi-kutcha etc. of the prospective beneficiary should be checked and verified on ground to ascertain eligibility for construction of new house."
14,PM Awas Yojana mein to yeh clearly likha hai ki beneficiaries ko ownership proof of land dena hota hai,SUPPORTED,0.9700000000000001,PM-KISAN,"PM-KISAN,PM Awas Yojana","[PM-KISAN] How the beneficiaries under the Scheme will be identified and shortlisted for payment of intended benefit? The responsibility of identifying the eligible farmers' families for benefit under the scheme is entirely of the State/UT Governments. The prevailing land-ownership system / record of land in different States/Union Territories will be used to identify the intended beneficiaries for transfer of scheme benefits.
---
[PM Awas Yojana] 5.1.5 Beneficiaries desirous of availing this assistance shall approach the ULBs/ Implementing Agencies or register their demand through Unified Web Portal with necessary documents, including ownership proof of land and submit the application. Such beneficiaries may include families residing either in tenable slums or outside the slums/peripheral areas of the ULB. Ministry of Housing and Urban Affairs"
14,"PM-KISAN mein bhi land records ka mention hai, jahan par land ownership ki details hoti hain",CONTRADICTED,0.85,PM-KISAN,"PM-KISAN,PM-KISAN","[PM-KISAN] State/UT Governments are responsible for correcting land records to reflect inheritance-based ownership changes, and for updating the PM-KISAN portal so benefits continue for eligible successors or are discontinued for families no longer eligible.
---
[PM-KISAN] The PM-KISAN Portal (pmkisan.gov.in) is used by State/UT Governments to upload beneficiary details. Required farmer attributes include State, District, Village, Farmer Name, Aadhaar Number (or enrollment number), Gender, Category, IFSC Code, and Bank Account Number; optional attributes include Father's Name, Address, Mobile Number, and Date of Birth."
15,Bank account details verify karne ke liye aapko apna bank account number,SUPPORTED,0.8766666666666666,PM-KISAN,"PM-KISAN,PM-KISAN","[PM-KISAN] Whether it details? is compulsory for beneficiaries to give their bank account Yes, the beneficiaries are required to provide their bank account details along with their Aadhaar number so as to credit the financial benefit under the scheme directly into their bank accounts. No benefit can be given if bank account details have not been provided.
---
[PM-KISAN] Benefit transfer requires an Aadhaar-linked bank account. Aadhaar number is mandatory for all beneficiaries for installments from the December 2019-March 2020 trimester onwards, except Assam, Meghalaya, and Jammu & Kashmir, which were exempted till 31.3.2021."
15,IFSC code submit karna padta hai,SUPPORTED,0.9733333333333333,PM-KISAN,"PM-KISAN,PM-KISAN","[PM-KISAN] The PM-KISAN Portal (pmkisan.gov.in) is used by State/UT Governments to upload beneficiary details. Required farmer attributes include State, District, Village, Farmer Name, Aadhaar Number (or enrollment number), Gender, Category, IFSC Code, and Bank Account Number; optional attributes include Father's Name, Address, Mobile Number, and Date of Birth.
---
[PM-KISAN] What is the mandatory information required to be submitted on PM-KISAN portal for the transfer of benefits? The following informatron / documents are requlred to be furnished by the farmers for enrollment under PI\/-Kisan Scheme (i) Name, Age, Gender and Category (SC/ST) (ii) Aadhaar Number [except in case of farmers in the States of Assam, lr/eghalaya and J&K (now UTs of J&K and Laddakh), where Aadhaar number has not been issued to most of the citizens, and therefore these States have been exempted from the requirement till 31't N/arch, 2020. ln these States / UTs, Aadhaar number shall be collected for those beneficiaries where it is available and for others alternate prescribed documents can be collected for identity verification purposes by the States/UT Governments, like Aadhaar Enrollment 18. ls any person / farmer who is cultivating a land but is not having the land holding in his / her own name, for example tenant farmers, is eligible to get benefit under the Scheme? (iii) (iv) Number and / or any other prescribed documents for purposes of the identification such as Driving Licence, Voters' lD Card, NREGA Job Card, or any other identification documents issued by Central/State/UT Governments or their authoritres, etc.) Bank Account Number and IFSC Code. [\tlobile number - though it is not mandatory but it is advised that when available it may be provided so that the information related to transfer of benefit can be communicated."
15,"Iske alawa, aapko apna Aadhaar number bhi submit karna padta hai",SUPPORTED,0.9,PM-KISAN,"PM-KISAN,PM-KISAN","[PM-KISAN] What is the mandatory information required to be submitted on PM-KISAN portal for the transfer of benefits? The following informatron / documents are requlred to be furnished by the farmers for enrollment under PI\/-Kisan Scheme (i) Name, Age, Gender and Category (SC/ST) (ii) Aadhaar Number [except in case of farmers in the States of Assam, lr/eghalaya and J&K (now UTs of J&K and Laddakh), where Aadhaar number has not been issued to most of the citizens, and therefore these States have been exempted from the requirement till 31't N/arch, 2020. ln these States / UTs, Aadhaar number shall be collected for those beneficiaries where it is available and for others alternate prescribed documents can be collected for identity verification purposes by the States/UT Governments, like Aadhaar Enrollment 18. ls any person / farmer who is cultivating a land but is not having the land holding in his / her own name, for example tenant farmers, is eligible to get benefit under the Scheme? (iii) (iv) Number and / or any other prescribed documents for purposes of the identification such as Driving Licence, Voters' lD Card, NREGA Job Card, or any other identification documents issued by Central/State/UT Governments or their authoritres, etc.) Bank Account Number and IFSC Code. [\tlobile number - though it is not mandatory but it is advised that when available it may be provided so that the information related to transfer of benefit can be communicated.
---
[PM-KISAN] Whether giving Aadhaar details is mandatory for availing benefit under the Scheme? Aadhaar number was optional and not mandatory for release of 1st installment pertaining to the period 01 .12.2018 to 31.03.2019, whereas only possession of Aadhaar number was made mandatory for release of 2nd installment pertaining to the period 01 .04.2019 to 31 .07.2019. Further, Aadhaar seeding of beneficiaries' data was made mandatory for release of 3'o installment pertaining to the period 01.08.2019, and for subsequent installments onwards. Recently, however, Government has relaxed the mandatory requirement of Aadhaar seeding of beneficiaries' data upto 30.1 1.20'19. This mandatory requirement of Aadhaar seeding of the beneficiaries' data would continue to applicable for release of all installments w.e.f . O1 .12.2019. However, Assam, Meghalaya and Jammu & Kashmir, where Aadhaar penetration has not been much, have been given exemption from this mandatory requirement till 31.03.2020."
15,Jammu & Kashmir ke liye yeh zaruri nahi hai,UNVERIFIABLE,0.9,Ayushman Bharat,"Ayushman Bharat,Post-Matric Scholarship","[Ayushman Bharat] Improved quality of life for the population.
---
[Post-Matric Scholarship] The student should be a resident of Maharashtra."
15,wahan par Aadhaar number har kisi ke paas nahi hai,SUPPORTED,0.9433333333333334,PM-KISAN,"PM-KISAN,PM-KISAN","[PM-KISAN] Whether giving Aadhaar details is mandatory for availing benefit under the Scheme? Aadhaar number was optional and not mandatory for release of 1st installment pertaining to the period 01 .12.2018 to 31.03.2019, whereas only possession of Aadhaar number was made mandatory for release of 2nd installment pertaining to the period 01 .04.2019 to 31 .07.2019. Further, Aadhaar seeding of beneficiaries' data was made mandatory for release of 3'o installment pertaining to the period 01.08.2019, and for subsequent installments onwards. Recently, however, Government has relaxed the mandatory requirement of Aadhaar seeding of beneficiaries' data upto 30.1 1.20'19. This mandatory requirement of Aadhaar seeding of the beneficiaries' data would continue to applicable for release of all installments w.e.f . O1 .12.2019. However, Assam, Meghalaya and Jammu & Kashmir, where Aadhaar penetration has not been much, have been given exemption from this mandatory requirement till 31.03.2020.
---
[PM-KISAN] What is the mandatory information required to be submitted on PM-KISAN portal for the transfer of benefits? The following informatron / documents are requlred to be furnished by the farmers for enrollment under PI\/-Kisan Scheme (i) Name, Age, Gender and Category (SC/ST) (ii) Aadhaar Number [except in case of farmers in the States of Assam, lr/eghalaya and J&K (now UTs of J&K and Laddakh), where Aadhaar number has not been issued to most of the citizens, and therefore these States have been exempted from the requirement till 31't N/arch, 2020. ln these States / UTs, Aadhaar number shall be collected for those beneficiaries where it is available and for others alternate prescribed documents can be collected for identity verification purposes by the States/UT Governments, like Aadhaar Enrollment 18. ls any person / farmer who is cultivating a land but is not having the land holding in his / her own name, for example tenant farmers, is eligible to get benefit under the Scheme? (iii) (iv) Number and / or any other prescribed documents for purposes of the identification such as Driving Licence, Voters' lD Card, NREGA Job Card, or any other identification documents issued by Central/State/UT Governments or their authoritres, etc.) Bank Account Number and IFSC Code. [\tlobile number - though it is not mandatory but it is advised that when available it may be provided so that the information related to transfer of benefit can be communicated."
16,"Ayushman Bharat card banwane ke liye jo beneficiaries Haryana Mukhyamantri Antyodaya Parivar Utthan Yojana ke under aate hain, unka annual family income 1.80 lakh se kam hona chahiye, toh ve eligible hain",SUPPORTED,0.98,Ayushman Bharat,"Ayushman Bharat,Ayushman Bharat","[Ayushman Bharat] What is the process for inclusion of beneficiaries of Haryana Mukhyamantri Antyodaya Parivar Utthan Yojana? The beneficiaries under Mukhyamantri Antyodaya Parivar Utthan Yojana whose annual family income is less than 1.80 Lakh are eligible for availing benefits under AB-PMJAY. The eligible beneficiaries do not require to submit any request letter / entitlement letter. They can get their Ayushman Bharat card at Ayushman Kiosk in all PMJAY empanelled hospitals and from the Common Services Centers (CSC).
---
[Ayushman Bharat] Can I have to pay any amount beyond the wallet size under Ayushman Bharat Pradhan Mantri Jan Arogya Yojana? PM-JAY provides cashless cover of up to INR 5,00,000 only to each eligible family per annum for listed secondary and tertiary care conditions. Any amount incurred in respect to medical expenses beyond Rs. 5,00,000 per year per family has to borne by the beneficiary."
16,"Unhe koi request letter ya entitlement letter dena nahi padta, bas Ayushman Kiosk ya Common Services Centers (CSC) se apna Ayushman Bharat card le sakte hain",SUPPORTED,0.9866666666666667,Ayushman Bharat,"Ayushman Bharat,Ayushman Bharat","[Ayushman Bharat] From where a beneficiary can get Ayushman card? Beneficiary can get their Ayushman Bharat card at Ayushman Kiosk in all PMJAY empanelled hospitals and from the Common Services Centers (CSC).
---
[Ayushman Bharat] What is the process for inclusion of beneficiaries of Haryana Mukhyamantri Antyodaya Parivar Utthan Yojana? The beneficiaries under Mukhyamantri Antyodaya Parivar Utthan Yojana whose annual family income is less than 1.80 Lakh are eligible for availing benefits under AB-PMJAY. The eligible beneficiaries do not require to submit any request letter / entitlement letter. They can get their Ayushman Bharat card at Ayushman Kiosk in all PMJAY empanelled hospitals and from the Common Services Centers (CSC)."
17,Ayushman Bharat Pradhan Mantri Jan Arogya Yojana ke beneficiaries ke bare mein diya gaya context sirf unlogon ke bare mein batata hai jo SECC-2011 database mein specific categories mein aate hain,SUPPORTED,0.9700000000000001,Ayushman Bharat,"Ayushman Bharat,Ayushman Bharat","[Ayushman Bharat] Who were the beneficiaries of Ayushman Bharat Pradhan Mantri Jan Arogya Yojana? At present those persons will be considered as beneficiary of the Ayushman Bharat Pradhan Mantri Jan Arogya Yojana who were covered under specific categories of SECC-2011 database of Govt. of India.
---
[Ayushman Bharat] Is there any Income criteria for eligibility under Ayushman Bharat Pradhan Mantri Jan Arogya Yojana? Can I take any benefits if I am not covered in SECC-2011 database? No."
17,Haryana Mukhyamantri Antyodaya Parivar Utthan Yojana ke beneficiaries jinki annual family income 1.80 lakh se kam hai,SUPPORTED,0.9700000000000001,Ayushman Bharat,"Ayushman Bharat,Ayushman Bharat","[Ayushman Bharat] What is the process for inclusion of beneficiaries of Haryana Mukhyamantri Antyodaya Parivar Utthan Yojana? The beneficiaries under Mukhyamantri Antyodaya Parivar Utthan Yojana whose annual family income is less than 1.80 Lakh are eligible for availing benefits under AB-PMJAY. The eligible beneficiaries do not require to submit any request letter / entitlement letter. They can get their Ayushman Bharat card at Ayushman Kiosk in all PMJAY empanelled hospitals and from the Common Services Centers (CSC).
---
[Ayushman Bharat] What are the benefits of Ayushman Bharat Pradhan Mantri Jan Arogya Yojana? PM-JAY provides cashless cover of up to INR 5,00,000 to each eligible family per annum for listed secondary and tertiary care conditions. The cover under the scheme includes all expenses incurred on the following components of the treatment. Medical examination, treatment and consultation Pre-hospitalization Medicine and medical consumables Non-intensive and intensive care services Diagnostic and laboratory investigations Medical implantation services (where necessary) Accommodation benefits Food services Complications arising during treatment Post-hospitalization follow-up care up to 15 days The benefits of INR 5,00,000 are on a family floater basis which means that it can be used by one or all members of the family. The RSBY had a family cap of five members. However, based on learning from those schemes, PMJAY has been designed in such a way that there is no cap on family size or age of members. In addition, pre-existing diseases are covered from the very first day. This means that any eligible person suffering from any medical condition before being covered by PM-JAY will now be able to get treatment for all those medical conditions as well under this scheme right from the day they are enrolled."
17,Private sector employees ke bare mein koi jankari nahi di gayi hai,SUPPORTED,0.9499999999999998,Ayushman Bharat,"Ayushman Bharat,Ayushman Bharat","[Ayushman Bharat] Acting as a steward, align the growth of private sector with public health goals.
---
[Ayushman Bharat] Improved quality of life for the population."
17,hum keh nahi sakte ki ve iska labh le sakte hain ya nahi,CONTRADICTED,0.9533333333333333,PM-KISAN,"PM-KISAN,PM-KISAN","[PM-KISAN] Micro land holdings, which are not cultivable, are excluded from the benefit under the scheme.
---
[PM-KISAN] Agricultural land being used for non -agricultural purpose will not be covered for benefit under the scheme."
18,"Nahi, agar aapki family SECC list mein nahi hai toh aap Ayushman Bharat Pradhan Mantri Jan Arogya Yojana ke liye apply nahi kar sakte",SUPPORTED,0.93,Ayushman Bharat,"Ayushman Bharat,Ayushman Bharat","[Ayushman Bharat] Is there any Income criteria for eligibility under Ayushman Bharat Pradhan Mantri Jan Arogya Yojana? Can I take any benefits if I am not covered in SECC-2011 database? No.
---
[Ayushman Bharat] Who were the beneficiaries of Ayushman Bharat Pradhan Mantri Jan Arogya Yojana? At present those persons will be considered as beneficiary of the Ayushman Bharat Pradhan Mantri Jan Arogya Yojana who were covered under specific categories of SECC-2011 database of Govt. of India."
18,"Scheme ke mutabik, sirf unhi families ko benefit milega jinke naam SECC-2011 database mein hain",SUPPORTED,0.9499999999999998,Ayushman Bharat,"Ayushman Bharat,Ayushman Bharat","[Ayushman Bharat] All families listed in the SECC database as per defined criteria will be covered. No cap on family size and age of members.
---
[Ayushman Bharat] Who were the beneficiaries of Ayushman Bharat Pradhan Mantri Jan Arogya Yojana? At present those persons will be considered as beneficiary of the Ayushman Bharat Pradhan Mantri Jan Arogya Yojana who were covered under specific categories of SECC-2011 database of Govt. of India."
19,"Nahin, Ayushman Bharat scheme sirf BPL families ke liye nahi hai",SUPPORTED,0.9433333333333334,Ayushman Bharat,"Ayushman Bharat,Ayushman Bharat","[Ayushman Bharat] What is Ayushman Bharat Pradhan Mantri Jan Arogya Yojana? Ayushman Bharat, a flagship scheme of Government of India, was launched as recommended by the National Health Policy 2017, to achieve the vision of Universal Health Coverage (UHC). This initiative has been designed to meet Sustainable Development Goals (SDGs) and its underlining commitment, which is to “leave no one behind.” Ayushman Bharat is an attempt to move from sectoral and segmented approach of health service delivery to a comprehensive need-based health care service. This scheme aims to undertake path breaking interventions to holistically address the healthcare system (covering prevention, promotion and ambulatory care) at the primary, secondary and tertiary level. Ayushman Bharat adopts a continuum of care approach, comprising of two inter-related components, which are – Health and Wellness Centres (HWCs) Pradhan Mantri Jan Arogya Yojana (PM-JAY)
---
[Ayushman Bharat] What is the process for inclusion of beneficiaries of Haryana Mukhyamantri Antyodaya Parivar Utthan Yojana? The beneficiaries under Mukhyamantri Antyodaya Parivar Utthan Yojana whose annual family income is less than 1.80 Lakh are eligible for availing benefits under AB-PMJAY. The eligible beneficiaries do not require to submit any request letter / entitlement letter. They can get their Ayushman Bharat card at Ayushman Kiosk in all PMJAY empanelled hospitals and from the Common Services Centers (CSC)."
19,Ismein un logon ko bhi cover kiya jaata hai jo SECC-2011 database mein specific categories mein aate hain,SUPPORTED,0.86,Ayushman Bharat,"Ayushman Bharat,Ayushman Bharat","[Ayushman Bharat] All families listed in the SECC database as per defined criteria will be covered. No cap on family size and age of members.
---
[Ayushman Bharat] Is there any Income criteria for eligibility under Ayushman Bharat Pradhan Mantri Jan Arogya Yojana? Can I take any benefits if I am not covered in SECC-2011 database? No."
19,"Haryana mein, jo log Mukhyamantri Antyodaya Parivar Utthan Yojana ke beneficiaries hain, unki annual family income agar 1.80 lakh se kam hai, to unhe bhi Ayushman Bharat ka labh mil sakta hai",SUPPORTED,0.9899999999999999,Ayushman Bharat,"Ayushman Bharat,Ayushman Bharat","[Ayushman Bharat] What is the process for inclusion of beneficiaries of Haryana Mukhyamantri Antyodaya Parivar Utthan Yojana? The beneficiaries under Mukhyamantri Antyodaya Parivar Utthan Yojana whose annual family income is less than 1.80 Lakh are eligible for availing benefits under AB-PMJAY. The eligible beneficiaries do not require to submit any request letter / entitlement letter. They can get their Ayushman Bharat card at Ayushman Kiosk in all PMJAY empanelled hospitals and from the Common Services Centers (CSC).
---
[Ayushman Bharat] What are the benefits of Ayushman Bharat Pradhan Mantri Jan Arogya Yojana? PM-JAY provides cashless cover of up to INR 5,00,000 to each eligible family per annum for listed secondary and tertiary care conditions. The cover under the scheme includes all expenses incurred on the following components of the treatment. Medical examination, treatment and consultation Pre-hospitalization Medicine and medical consumables Non-intensive and intensive care services Diagnostic and laboratory investigations Medical implantation services (where necessary) Accommodation benefits Food services Complications arising during treatment Post-hospitalization follow-up care up to 15 days The benefits of INR 5,00,000 are on a family floater basis which means that it can be used by one or all members of the family. The RSBY had a family cap of five members. However, based on learning from those schemes, PMJAY has been designed in such a way that there is no cap on family size or age of members. In addition, pre-existing diseases are covered from the very first day. This means that any eligible person suffering from any medical condition before being covered by PM-JAY will now be able to get treatment for all those medical conditions as well under this scheme right from the day they are enrolled."
20,"Ayushman card banwane ki koi last date toh mentioned nahi hai, so aap kabhi bhi apna Ayushman card banwa sakte hain, Ayushman Kiosk ya Common Services Centers (CSC) se",SUPPORTED,0.9166666666666666,Ayushman Bharat,"Ayushman Bharat,Ayushman Bharat","[Ayushman Bharat] From where a beneficiary can get Ayushman card? Beneficiary can get their Ayushman Bharat card at Ayushman Kiosk in all PMJAY empanelled hospitals and from the Common Services Centers (CSC).
---
[Ayushman Bharat] What is the process for inclusion of beneficiaries of Haryana Mukhyamantri Antyodaya Parivar Utthan Yojana? The beneficiaries under Mukhyamantri Antyodaya Parivar Utthan Yojana whose annual family income is less than 1.80 Lakh are eligible for availing benefits under AB-PMJAY. The eligible beneficiaries do not require to submit any request letter / entitlement letter. They can get their Ayushman Bharat card at Ayushman Kiosk in all PMJAY empanelled hospitals and from the Common Services Centers (CSC)."
21,"Sorry, context mein iska jawab nahi hai",UNVERIFIABLE,0.7433333333333335,Post-Matric Scholarship,"Post-Matric Scholarship,Ayushman Bharat","[Post-Matric Scholarship] The student must belong to Scheduled Castes (SC) or Neo-Buddhist categories.
---
[Ayushman Bharat] Improved quality of life for the population."
21,"Context mein sirf Ayushman Bharat ke bare mein kuch jaankari hai, jismein grievance raise karne ki website link di gayi hai, hospital dwara additional charge na lene ki baat kahi gayi hai",CONTRADICTED,0.9166666666666666,Ayushman Bharat,"Ayushman Bharat,Ayushman Bharat","[Ayushman Bharat] Can I raise any grievance against any hospitals/person? Yes, here is the website link: https://cgrms.pmjay.gov.in/GRMS/loginnew.htm
---
[Ayushman Bharat] From where a beneficiary can get Ayushman card? Beneficiary can get their Ayushman Bharat card at Ayushman Kiosk in all PMJAY empanelled hospitals and from the Common Services Centers (CSC)."
21,priority beneficiaries ke bare mein bataya gaya hai,SUPPORTED,0.9766666666666666,PM Awas Yojana,"PM Awas Yojana,Ayushman Bharat","[PM Awas Yojana] Any preferential treatment to beneficiaries proposed for Affordable Housing? Preference under the Scheme will be given to Manual Scavengers, Women (with overriding preference to widows), persons belonging to Scheduled Castes/ Scheduled Tribes/ Other Backward Classes, Minorities, Persons with disabilities and Transgenders subject to beneficiaries being from EWS / LIG segments.
---
[Ayushman Bharat] Priority to girl child, women and and senior citizens. Free treatment available at all public and empaneled private hospitals in times of need. Covers secondary and tertiary care hospitalization."
21,treatment claim submit karne ki time limit ke bare mein koi jaankari nahi hai,SUPPORTED,0.8833333333333333,PM-KISAN,"PM-KISAN,PM Awas Yojana","[PM-KISAN] Benefit transfer requires an Aadhaar-linked bank account. Aadhaar number is mandatory for all beneficiaries for installments from the December 2019-March 2020 trimester onwards, except Assam, Meghalaya, and Jammu & Kashmir, which were exempted till 31.3.2021.
---
[PM Awas Yojana] 5.2.10 All projects under AHP shall be completed within 24-36 months from the date of receipt of all Statutory approvals. All statutory approvals including NOCs shall have to be obtained within 3 months from the date of approval of CSMC. If the projects are not completed in all respect within this timeline, the subsequent instalments of Central Assistance for such projects will be released subject to approval of CSMC."
22,"Ayushman Bharat Pradhan Mantri Jan Arogya Yojana ke context mein, ismein card renewal ke bare mein kuch specific information nahi hai",SUPPORTED,0.9433333333333334,Ayushman Bharat,"Ayushman Bharat,Ayushman Bharat","[Ayushman Bharat] What are the most common documents for checking the eligibility for Ayushman Bharat Pradhan Mantri Jan Arogya Yojana? PM/CM entitlement letter Ration Card Aadhaar Card for identification only
---
[Ayushman Bharat] Can I check on-line for my eligibility under Ayushman Bharat Pradhan Mantri Jan Arogya Yojana? https://mera.pmjay.gov.in/search/login"
22,yeh bataya gaya hai ki aap national portability basis par benefits le sakte hain,SUPPORTED,0.98,Ayushman Bharat,"Ayushman Bharat,Ayushman Bharat","[Ayushman Bharat] Can I take benefits on national portability basis? Yes
---
[Ayushman Bharat] Eligible beneficiaries can avail services across India, offering benefit of national portability. Can reach out for information, assistance, complaints and grievances to a 24X7 helpline number – 14555"
22,card renewal ke liye koi specific details nahi diye gaye hain,UNVERIFIABLE,0.8666666666666667,Ayushman Bharat,"Ayushman Bharat,PM-KISAN","[Ayushman Bharat] What are the most common documents for checking the eligibility for Ayushman Bharat Pradhan Mantri Jan Arogya Yojana? PM/CM entitlement letter Ration Card Aadhaar Card for identification only
---
[PM-KISAN] What is the mandatory information required to be submitted on PM-KISAN portal for the transfer of benefits? The following informatron / documents are requlred to be furnished by the farmers for enrollment under PI\/-Kisan Scheme (i) Name, Age, Gender and Category (SC/ST) (ii) Aadhaar Number [except in case of farmers in the States of Assam, lr/eghalaya and J&K (now UTs of J&K and Laddakh), where Aadhaar number has not been issued to most of the citizens, and therefore these States have been exempted from the requirement till 31't N/arch, 2020. ln these States / UTs, Aadhaar number shall be collected for those beneficiaries where it is available and for others alternate prescribed documents can be collected for identity verification purposes by the States/UT Governments, like Aadhaar Enrollment 18. ls any person / farmer who is cultivating a land but is not having the land holding in his / her own name, for example tenant farmers, is eligible to get benefit under the Scheme? (iii) (iv) Number and / or any other prescribed documents for purposes of the identification such as Driving Licence, Voters' lD Card, NREGA Job Card, or any other identification documents issued by Central/State/UT Governments or their authoritres, etc.) Bank Account Number and IFSC Code. [\tlobile number - though it is not mandatory but it is advised that when available it may be provided so that the information related to transfer of benefit can be communicated."
23,"Ayushman Bharat mein per family 5 lakh rupye tak ka health cover milta hai, jo ki family floater basis pe hai, matlab ki ye amount ek ya sabhi family members use kar sakte hain",SUPPORTED,0.9566666666666667,Ayushman Bharat,"Ayushman Bharat,Ayushman Bharat","[Ayushman Bharat] Government provides health insurance cover of up to Rs. 5,00,000 per family per year.
---
[Ayushman Bharat] Can I have to pay any amount beyond the wallet size under Ayushman Bharat Pradhan Mantri Jan Arogya Yojana? PM-JAY provides cashless cover of up to INR 5,00,000 only to each eligible family per annum for listed secondary and tertiary care conditions. Any amount incurred in respect to medical expenses beyond Rs. 5,00,000 per year per family has to borne by the beneficiary."
24,Ayushman Bharat ke bare mein aapne sawal kiya hai,CONTRADICTED,0.95,Ayushman Bharat,"Ayushman Bharat,Ayushman Bharat","[Ayushman Bharat] What is Ayushman Bharat Pradhan Mantri Jan Arogya Yojana? Ayushman Bharat, a flagship scheme of Government of India, was launched as recommended by the National Health Policy 2017, to achieve the vision of Universal Health Coverage (UHC). This initiative has been designed to meet Sustainable Development Goals (SDGs) and its underlining commitment, which is to “leave no one behind.” Ayushman Bharat is an attempt to move from sectoral and segmented approach of health service delivery to a comprehensive need-based health care service. This scheme aims to undertake path breaking interventions to holistically address the healthcare system (covering prevention, promotion and ambulatory care) at the primary, secondary and tertiary level. Ayushman Bharat adopts a continuum of care approach, comprising of two inter-related components, which are – Health and Wellness Centres (HWCs) Pradhan Mantri Jan Arogya Yojana (PM-JAY)
---
[Ayushman Bharat] From where a beneficiary can get Ayushman card? Beneficiary can get their Ayushman Bharat card at Ayushman Kiosk in all PMJAY empanelled hospitals and from the Common Services Centers (CSC)."
24,diya gaya context iska jawaab nahin deta,UNVERIFIABLE,0.6666666666666666,Post-Matric Scholarship,"Post-Matric Scholarship,Post-Matric Scholarship","[Post-Matric Scholarship] The student must belong to Scheduled Castes (SC) or Neo-Buddhist categories.
---
[Post-Matric Scholarship] Objective of the Scheme:"
24,Diye gaye context mein sirf Ayushman Bharat ke udeshya ke baare mein bataya gaya hai,CONTRADICTED,0.9499999999999998,Ayushman Bharat,"Ayushman Bharat,Ayushman Bharat","[Ayushman Bharat] From where a beneficiary can get Ayushman card? Beneficiary can get their Ayushman Bharat card at Ayushman Kiosk in all PMJAY empanelled hospitals and from the Common Services Centers (CSC).
---
[Ayushman Bharat] What is Ayushman Bharat Pradhan Mantri Jan Arogya Yojana? Ayushman Bharat, a flagship scheme of Government of India, was launched as recommended by the National Health Policy 2017, to achieve the vision of Universal Health Coverage (UHC). This initiative has been designed to meet Sustainable Development Goals (SDGs) and its underlining commitment, which is to “leave no one behind.” Ayushman Bharat is an attempt to move from sectoral and segmented approach of health service delivery to a comprehensive need-based health care service. This scheme aims to undertake path breaking interventions to holistically address the healthcare system (covering prevention, promotion and ambulatory care) at the primary, secondary and tertiary level. Ayushman Bharat adopts a continuum of care approach, comprising of two inter-related components, which are – Health and Wellness Centres (HWCs) Pradhan Mantri Jan Arogya Yojana (PM-JAY)"
24,iske bare mein koi jaankari nahin hai ki yeh cover ek baar ke liye hai ya har saal renew hota hai,UNVERIFIABLE,0.9166666666666666,Ayushman Bharat,"Ayushman Bharat,Ayushman Bharat","[Ayushman Bharat] Improved quality of life for the population.
---
[Ayushman Bharat] Improved health outcomes."
25,Ayushman Bharat ke tahat treatment ka poora kharcha cover hota hai,UNVERIFIABLE,0.9,Ayushman Bharat,"Ayushman Bharat,Ayushman Bharat","[Ayushman Bharat] What is Ayushman Bharat Pradhan Mantri Jan Arogya Yojana? Ayushman Bharat, a flagship scheme of Government of India, was launched as recommended by the National Health Policy 2017, to achieve the vision of Universal Health Coverage (UHC). This initiative has been designed to meet Sustainable Development Goals (SDGs) and its underlining commitment, which is to “leave no one behind.” Ayushman Bharat is an attempt to move from sectoral and segmented approach of health service delivery to a comprehensive need-based health care service. This scheme aims to undertake path breaking interventions to holistically address the healthcare system (covering prevention, promotion and ambulatory care) at the primary, secondary and tertiary level. Ayushman Bharat adopts a continuum of care approach, comprising of two inter-related components, which are – Health and Wellness Centres (HWCs) Pradhan Mantri Jan Arogya Yojana (PM-JAY)
---
[Ayushman Bharat] From where a beneficiary can get Ayushman card? Beneficiary can get their Ayushman Bharat card at Ayushman Kiosk in all PMJAY empanelled hospitals and from the Common Services Centers (CSC)."
25,sirf 5 lakh tak,SUPPORTED,0.85,Ayushman Bharat,"Ayushman Bharat,PM Awas Yojana","[Ayushman Bharat] Government provides health insurance cover of up to Rs. 5,00,000 per family per year.
---
[PM Awas Yojana] 5.3 Affordable Rental Housing (ARH)"
25,"Agar kharcha 5 lakh se zyada hota hai, toh uske baad ka kharcha aapko khud dena padta hai",SUPPORTED,0.85,Ayushman Bharat,"Ayushman Bharat,Post-Matric Scholarship","[Ayushman Bharat] Government provides health insurance cover of up to Rs. 5,00,000 per family per year.
---
[Post-Matric Scholarship] The annual income of the student’s parents should be ₹2.5 lakh or less."
26,"Nahin, context mein aisa koi information nahi hai ki cover amount har state mein alag hota hai",SUPPORTED,0.9499999999999998,Ayushman Bharat,"Ayushman Bharat,Ayushman Bharat","[Ayushman Bharat] Government provides health insurance cover of up to Rs. 5,00,000 per family per year.
---
[Ayushman Bharat] More than 10.74 crore poor and vulnerable families (approximately 50 crore beneficiaries) covered across the country."
26,"Sab jagah Rs. 5,00,000 per family per year ka cover diya jaata hai",SUPPORTED,0.9499999999999998,Ayushman Bharat,"Ayushman Bharat,Ayushman Bharat","[Ayushman Bharat] Government provides health insurance cover of up to Rs. 5,00,000 per family per year.
---
[Ayushman Bharat] What are the benefits of Ayushman Bharat Pradhan Mantri Jan Arogya Yojana? PM-JAY provides cashless cover of up to INR 5,00,000 to each eligible family per annum for listed secondary and tertiary care conditions. The cover under the scheme includes all expenses incurred on the following components of the treatment. Medical examination, treatment and consultation Pre-hospitalization Medicine and medical consumables Non-intensive and intensive care services Diagnostic and laboratory investigations Medical implantation services (where necessary) Accommodation benefits Food services Complications arising during treatment Post-hospitalization follow-up care up to 15 days The benefits of INR 5,00,000 are on a family floater basis which means that it can be used by one or all members of the family. The RSBY had a family cap of five members. However, based on learning from those schemes, PMJAY has been designed in such a way that there is no cap on family size or age of members. In addition, pre-existing diseases are covered from the very first day. This means that any eligible person suffering from any medical condition before being covered by PM-JAY will now be able to get treatment for all those medical conditions as well under this scheme right from the day they are enrolled."
27,"Ayushman Bharat card banwane ke liye aapko PM/CM entitlement letter, Ration Card",SUPPORTED,0.9566666666666667,Ayushman Bharat,"Ayushman Bharat,Ayushman Bharat","[Ayushman Bharat] What are the most common documents for checking the eligibility for Ayushman Bharat Pradhan Mantri Jan Arogya Yojana? PM/CM entitlement letter Ration Card Aadhaar Card for identification only
---
[Ayushman Bharat] From where a beneficiary can get Ayushman card? Beneficiary can get their Ayushman Bharat card at Ayushman Kiosk in all PMJAY empanelled hospitals and from the Common Services Centers (CSC)."
27,Aadhaar Card chahiye,CONTRADICTED,0.9,Ayushman Bharat,"Ayushman Bharat,PM-KISAN","[Ayushman Bharat] What are the most common documents for checking the eligibility for Ayushman Bharat Pradhan Mantri Jan Arogya Yojana? PM/CM entitlement letter Ration Card Aadhaar Card for identification only
---
[PM-KISAN] Whether giving Aadhaar details is mandatory for availing benefit under the Scheme? Aadhaar number was optional and not mandatory for release of 1st installment pertaining to the period 01 .12.2018 to 31.03.2019, whereas only possession of Aadhaar number was made mandatory for release of 2nd installment pertaining to the period 01 .04.2019 to 31 .07.2019. Further, Aadhaar seeding of beneficiaries' data was made mandatory for release of 3'o installment pertaining to the period 01.08.2019, and for subsequent installments onwards. Recently, however, Government has relaxed the mandatory requirement of Aadhaar seeding of beneficiaries' data upto 30.1 1.20'19. This mandatory requirement of Aadhaar seeding of the beneficiaries' data would continue to applicable for release of all installments w.e.f . O1 .12.2019. However, Assam, Meghalaya and Jammu & Kashmir, where Aadhaar penetration has not been much, have been given exemption from this mandatory requirement till 31.03.2020."
27,Aadhaar Card sirf identification ke liye hai,SUPPORTED,0.9700000000000001,Ayushman Bharat,"Ayushman Bharat,PM-KISAN","[Ayushman Bharat] What are the most common documents for checking the eligibility for Ayushman Bharat Pradhan Mantri Jan Arogya Yojana? PM/CM entitlement letter Ration Card Aadhaar Card for identification only
---
[PM-KISAN] Whether giving Aadhaar details is mandatory for availing benefit under the Scheme? Aadhaar number was optional and not mandatory for release of 1st installment pertaining to the period 01 .12.2018 to 31.03.2019, whereas only possession of Aadhaar number was made mandatory for release of 2nd installment pertaining to the period 01 .04.2019 to 31 .07.2019. Further, Aadhaar seeding of beneficiaries' data was made mandatory for release of 3'o installment pertaining to the period 01.08.2019, and for subsequent installments onwards. Recently, however, Government has relaxed the mandatory requirement of Aadhaar seeding of beneficiaries' data upto 30.1 1.20'19. This mandatory requirement of Aadhaar seeding of the beneficiaries' data would continue to applicable for release of all installments w.e.f . O1 .12.2019. However, Assam, Meghalaya and Jammu & Kashmir, where Aadhaar penetration has not been much, have been given exemption from this mandatory requirement till 31.03.2020."
28,"Ration card ek zaroori document hai Ayushman Bharat Pradhan Mantri Jan Arogya Yojana ke liye, jiske liye eligibility check kiya jata hai",SUPPORTED,0.9499999999999998,Ayushman Bharat,"Ayushman Bharat,Ayushman Bharat","[Ayushman Bharat] What are the most common documents for checking the eligibility for Ayushman Bharat Pradhan Mantri Jan Arogya Yojana? PM/CM entitlement letter Ration Card Aadhaar Card for identification only
---
[Ayushman Bharat] Can I check on-line for my eligibility under Ayushman Bharat Pradhan Mantri Jan Arogya Yojana? https://mera.pmjay.gov.in/search/login"
28,Iske alawa PM/CM entitlement letter,SUPPORTED,0.9233333333333333,Ayushman Bharat,"Ayushman Bharat,Ayushman Bharat","[Ayushman Bharat] Help India progressively achieve Universal Health Coverage (UHC) and Sustainable Development Goals (SDG).
---
[Ayushman Bharat] What are the most common documents for checking the eligibility for Ayushman Bharat Pradhan Mantri Jan Arogya Yojana? PM/CM entitlement letter Ration Card Aadhaar Card for identification only"
28,Aadhaar Card bhi zaroori hain identification ke liye,SUPPORTED,0.75,Ayushman Bharat,"Ayushman Bharat,PM-KISAN","[Ayushman Bharat] What are the most common documents for checking the eligibility for Ayushman Bharat Pradhan Mantri Jan Arogya Yojana? PM/CM entitlement letter Ration Card Aadhaar Card for identification only
---
[PM-KISAN] What is the mandatory information required to be submitted on PM-KISAN portal for the transfer of benefits? The following informatron / documents are requlred to be furnished by the farmers for enrollment under PI\/-Kisan Scheme (i) Name, Age, Gender and Category (SC/ST) (ii) Aadhaar Number [except in case of farmers in the States of Assam, lr/eghalaya and J&K (now UTs of J&K and Laddakh), where Aadhaar number has not been issued to most of the citizens, and therefore these States have been exempted from the requirement till 31't N/arch, 2020. ln these States / UTs, Aadhaar number shall be collected for those beneficiaries where it is available and for others alternate prescribed documents can be collected for identity verification purposes by the States/UT Governments, like Aadhaar Enrollment 18. ls any person / farmer who is cultivating a land but is not having the land holding in his / her own name, for example tenant farmers, is eligible to get benefit under the Scheme? (iii) (iv) Number and / or any other prescribed documents for purposes of the identification such as Driving Licence, Voters' lD Card, NREGA Job Card, or any other identification documents issued by Central/State/UT Governments or their authoritres, etc.) Bank Account Number and IFSC Code. [\tlobile number - though it is not mandatory but it is advised that when available it may be provided so that the information related to transfer of benefit can be communicated."
29,"Context mein iska jawab nahi hai, bas itna pata hai ki hospitals mein free treatment milega",SUPPORTED,0.875,Ayushman Bharat,"Ayushman Bharat,Ayushman Bharat","[Ayushman Bharat] Priority to girl child, women and and senior citizens. Free treatment available at all public and empaneled private hospitals in times of need. Covers secondary and tertiary care hospitalization.
---
[Ayushman Bharat] Enhanced patient satisfaction."
29,hospitals ko additional money charge karne ki ijazat nahi hogi,SUPPORTED,0.98,Ayushman Bharat,"Ayushman Bharat,Ayushman Bharat","[Ayushman Bharat] Hospitals will not be allowed to charge any additional money from beneficiaries for the treatment.
---
[Ayushman Bharat] Increase health expenditure by Government as a percentage of GDP."
29,koi specific ID ke bare mein kuch nahi likha hai,CONTRADICTED,0.98,Post-Matric Scholarship,"Post-Matric Scholarship,PM-KISAN","[Post-Matric Scholarship] The student must belong to Scheduled Castes (SC) or Neo-Buddhist categories.
---
[PM-KISAN] What is the mandatory information required to be submitted on PM-KISAN portal for the transfer of benefits? The following informatron / documents are requlred to be furnished by the farmers for enrollment under PI\/-Kisan Scheme (i) Name, Age, Gender and Category (SC/ST) (ii) Aadhaar Number [except in case of farmers in the States of Assam, lr/eghalaya and J&K (now UTs of J&K and Laddakh), where Aadhaar number has not been issued to most of the citizens, and therefore these States have been exempted from the requirement till 31't N/arch, 2020. ln these States / UTs, Aadhaar number shall be collected for those beneficiaries where it is available and for others alternate prescribed documents can be collected for identity verification purposes by the States/UT Governments, like Aadhaar Enrollment 18. ls any person / farmer who is cultivating a land but is not having the land holding in his / her own name, for example tenant farmers, is eligible to get benefit under the Scheme? (iii) (iv) Number and / or any other prescribed documents for purposes of the identification such as Driving Licence, Voters' lD Card, NREGA Job Card, or any other identification documents issued by Central/State/UT Governments or their authoritres, etc.) Bank Account Number and IFSC Code. [\tlobile number - though it is not mandatory but it is advised that when available it may be provided so that the information related to transfer of benefit can be communicated."
30,"Family details verify karne ke liye aapko apne documents jaise ki Aadhaar Card, Ration Card",SUPPORTED,0.92,Ayushman Bharat,"Ayushman Bharat,PM-KISAN","[Ayushman Bharat] What are the most common documents for checking the eligibility for Ayushman Bharat Pradhan Mantri Jan Arogya Yojana? PM/CM entitlement letter Ration Card Aadhaar Card for identification only
---
[PM-KISAN] What is the mandatory information required to be submitted on PM-KISAN portal for the transfer of benefits? The following informatron / documents are requlred to be furnished by the farmers for enrollment under PI\/-Kisan Scheme (i) Name, Age, Gender and Category (SC/ST) (ii) Aadhaar Number [except in case of farmers in the States of Assam, lr/eghalaya and J&K (now UTs of J&K and Laddakh), where Aadhaar number has not been issued to most of the citizens, and therefore these States have been exempted from the requirement till 31't N/arch, 2020. ln these States / UTs, Aadhaar number shall be collected for those beneficiaries where it is available and for others alternate prescribed documents can be collected for identity verification purposes by the States/UT Governments, like Aadhaar Enrollment 18. ls any person / farmer who is cultivating a land but is not having the land holding in his / her own name, for example tenant farmers, is eligible to get benefit under the Scheme? (iii) (iv) Number and / or any other prescribed documents for purposes of the identification such as Driving Licence, Voters' lD Card, NREGA Job Card, or any other identification documents issued by Central/State/UT Governments or their authoritres, etc.) Bank Account Number and IFSC Code. [\tlobile number - though it is not mandatory but it is advised that when available it may be provided so that the information related to transfer of benefit can be communicated."
30,"anya prescribed documents jaise ki Driving Licence, Voters' ID Card, NREGA Job Card, etc",SUPPORTED,0.9733333333333333,Ayushman Bharat,"Ayushman Bharat,PM-KISAN","[Ayushman Bharat] What are the most common documents for checking the eligibility for Ayushman Bharat Pradhan Mantri Jan Arogya Yojana? PM/CM entitlement letter Ration Card Aadhaar Card for identification only
---
[PM-KISAN] What is the mandatory information required to be submitted on PM-KISAN portal for the transfer of benefits? The following informatron / documents are requlred to be furnished by the farmers for enrollment under PI\/-Kisan Scheme (i) Name, Age, Gender and Category (SC/ST) (ii) Aadhaar Number [except in case of farmers in the States of Assam, lr/eghalaya and J&K (now UTs of J&K and Laddakh), where Aadhaar number has not been issued to most of the citizens, and therefore these States have been exempted from the requirement till 31't N/arch, 2020. ln these States / UTs, Aadhaar number shall be collected for those beneficiaries where it is available and for others alternate prescribed documents can be collected for identity verification purposes by the States/UT Governments, like Aadhaar Enrollment 18. ls any person / farmer who is cultivating a land but is not having the land holding in his / her own name, for example tenant farmers, is eligible to get benefit under the Scheme? (iii) (iv) Number and / or any other prescribed documents for purposes of the identification such as Driving Licence, Voters' lD Card, NREGA Job Card, or any other identification documents issued by Central/State/UT Governments or their authoritres, etc.) Bank Account Number and IFSC Code. [\tlobile number - though it is not mandatory but it is advised that when available it may be provided so that the information related to transfer of benefit can be communicated."
30,submit karne pad sakte hain,UNVERIFIABLE,0.9,Post-Matric Scholarship,"Post-Matric Scholarship,Post-Matric Scholarship","[Post-Matric Scholarship] The student should be a resident of Maharashtra.
---
[Post-Matric Scholarship] The student must belong to Scheduled Castes (SC) or Neo-Buddhist categories."
31,Post-Matric scholarship ke liye woh students eligible hain jo Scheduled Castes se belong karte hain,SUPPORTED,0.98,Post-Matric Scholarship,"Post-Matric Scholarship,Post-Matric Scholarship","[Post-Matric Scholarship] III. Conditions of Eligibility i. ii. The scholarships are open to nationals of India. These scholarships will be given for the study of all recognized post-matriculation or post- secondary courses pursued in recognized inst itutions with the following exceptions: ""Scholarships are not awarded for training course s like Aircraft Maintenance Engineer's Courses and Private Pilot license Courses. Courses at Trai ning - Ship Dufferin (Now Rajendra), courses of training at the Military College, Dehradun, course s at Pre-examination Training Centres of all India and State levels."" iii. Only those candidates who belong to Schedule d Castes so specified in relation to the State/Union Territory to which the applicant actually belongs i.e. permanently settled and who have passed the Matriculation or Higher Secondary or any higher examination of a recognised University or Board of Secondary Education, will be eligible. iv. Candidates who after passing one stage of education are studying in the same stage of education in different subject e.g. I.Sc. after I.A. or B.Com. after B.A. or M.A. in other subject will not be eligible. v. Students who, after having completed their educational career in one professional line, e.g. L.L.B. after B.T./B.Ed. will not be eligible. From the academic year 1980-81, studies in two professional courses are allowed. vi. Students studying in Class XI of the Higher Seco ndary School courses of the XII Class of the Multipurpose High School will not be eligible for it being a continuous school course. However, in cases where Xth class examination of such co urses is treated as equivalent to Matriculation and students who after passing Xth class join othe r courses, such students will be treated as post-matric students and will be eligible for the award of scholarships. vii. Students pursuing Post Graduate courses in medicine will be eligible if they are not allowed to practice during the period of their course. viii. Students who after failing or passing the under graduate/post-graduate examinations in Arts/Science/Commerce join any recognised professional or Technical certificate/diploma/degree courses will be awar ded scholarships if otherwise eligible. No subsequent failure will be condoned except courses in Group 'I'. ix. Students who pursue their studies through correspondence courses are also eligible. The term correspondence includes distant and continuing education. x. Employed students whose income combined with the income of their parents/guardians does not exceed the maximum prescr ibed income ceiling are made  eligible to post-matric scholarships to the extent of reimbursement of all compulsorily payable non-refundable fees. xi. All children of the same parents/guardians will be entitled to receive benefits of the scheme. xii. A scholarship holder under this scheme will not ho ld any other scholarship/stipend. If awarded any other scholarship/stipend, the student can exercise his/her option for either of the two scholarships/stipends, whichever is more benefici al to him/her and should inform the awarding authority through the Head of the Institution about the option made. No scholarship will be paid to the students under this scheme from the date he/she accepts another scholarship/stipend. The student can however, accept free lodging or a grant or adhoc monetary help from the State Government or any other source for the purch ase of books, equipment or for meeting the expenses on board and lodging in addition to the scholarship amount paid under this scheme. xiii. Scholarship holders who are receiving coaching in  any of the pre-examination training centres with financial assistance from the Central Government/ State Government will not be eligible for stipend under the coaching schemes for the duration of the coaching programme. Note 1:  It is mentioned under the item III (condition of eligibility) of this scheme that the scholarship will be given for th e study of all recognised post-matriculation or post-secondary courses pursued in recognised institutions, the list of courses grouped (I to IV) is only illustrative and not exhaustive. The State Governments/Un ion Territory Administrations are, thus, themselves competent to decide the appropriate grouping of courses at their level as advised vide this Ministry's letter No.11017/13/88-Sch.Cell, dated 3.8.1989.
---
[Post-Matric Scholarship] I. Object The objective of the scheme is to provide fina ncial assistance to the Scheduled Caste students studying at post matriculation or post-secondar y stage to enable them to complete their education."
31,jo post-matriculation ya post-secondary courses pursue kar rahe hain,SUPPORTED,0.9333333333333332,Post-Matric Scholarship,"Post-Matric Scholarship,Post-Matric Scholarship","[Post-Matric Scholarship] The student should be pursuing education after the matriculation examination.
---
[Post-Matric Scholarship] I. Object The objective of the scheme is to provide fina ncial assistance to the Scheduled Caste students studying at post matriculation or post-secondar y stage to enable them to complete their education."
31,"Iske alawa, unke parents ki income 2.5 lakh se zyada nahi honi chahiye",SUPPORTED,0.9833333333333334,Post-Matric Scholarship,"Post-Matric Scholarship,Post-Matric Scholarship","[Post-Matric Scholarship] The annual income of the student’s parents should be ₹2.5 lakh or less.
---
[Post-Matric Scholarship] IV. Means Test Scholarships will be paid to the students whos e parents/guardians' income from all sources does not exceed Rs. 2,50,000/- (Rupees Two lacs Fifty thousand only). Note 1:  So long as either of the parents (or husband in the case of marri ed unemployed girl student) is alive, only income of the parents/husband, as the ca se may be, from all sources has to be taken into account only and of no other member even though they may be earning. In the form of income declaration, income is to be declared  on this basis. Only in the case where both the parents (or husband in the case of married but unemployed girl student) have died, the income of the guardian who is supporting the student in hi s/her studies has to be taken. Such students whose parent's income is aff ected due to unfortuna te death of one of earning parents and resultantly comes within the income ceiling pres cribed under the scheme, shall become eligible for scholarship, subject to their fulfilling other c onditions of eligibility, from the month in which such sad incidence takes place. Applications for scholarships from such students can be considered even after lapse of last date of receipt of applications, on compassionate grounds. Note 2: House rent allowance received by the parent s of a student shall be exempted from the computation of 'income' if the same has been permitted to be exempted for the purpose of Income tax. Note 3:  Income certificate is required to be take n once only i.e. at the time of admission to courses which are continuing for more than one year. Note 4:  The revised income ceiling has been further upgraded, after taking into account Consumer Price Index for Industrial worker s upto October 2009. Income Ceiling would be revised once in every two years linking it with Consumer Price Index for Industrial Workers for the month of October of the year , preceding the year of revision and will be made effective from April."
31,students ko matriculation ya higher secondary examination pass hona chahiye,SUPPORTED,0.9,Post-Matric Scholarship,"Post-Matric Scholarship,Post-Matric Scholarship","[Post-Matric Scholarship] The student should be pursuing education after the matriculation examination.
---
[Post-Matric Scholarship] The student should be a resident of Maharashtra."
32,"Nahin, yeh scholarship sirf Scheduled Caste (SC) students ke liye hai, general category ke students ismein apply nahi kar sakte",SUPPORTED,0.9700000000000001,Post-Matric Scholarship,"Post-Matric Scholarship,Post-Matric Scholarship","[Post-Matric Scholarship] VI. Selection of Candidates i. All the eligible Scheduled Caste candidates will be given scholarships subject to the application of Means Test prescribed in this Scheme. ii. Candidates belonging to one State but studying in other State will be awarded scholarships by the State to which they belong and will submit their applications to the competent authorities in that State. In the matter of exemption from fees  or other concessions also they will be treated as if they were studying in their own State.
---
[Post-Matric Scholarship] The student must belong to Scheduled Castes (SC) or Neo-Buddhist categories."
32,"Is scheme ke hisaab se, sirf SC category ke students hi eligible hain",CONTRADICTED,0.96,Post-Matric Scholarship,"Post-Matric Scholarship,Post-Matric Scholarship","[Post-Matric Scholarship] The student must belong to Scheduled Castes (SC) or Neo-Buddhist categories.
---
[Post-Matric Scholarship] I. Object The objective of the scheme is to provide fina ncial assistance to the Scheduled Caste students studying at post matriculation or post-secondar y stage to enable them to complete their education."
33,Family income limit is 2.5 lakh rupees per year hai is Post-Matric Scholarship ke liye,SUPPORTED,0.9333333333333332,Post-Matric Scholarship,"Post-Matric Scholarship,Post-Matric Scholarship","[Post-Matric Scholarship] The annual income of the student’s parents should be ₹2.5 lakh or less.
---
[Post-Matric Scholarship] IV. Means Test Scholarships will be paid to the students whos e parents/guardians' income from all sources does not exceed Rs. 2,50,000/- (Rupees Two lacs Fifty thousand only). Note 1:  So long as either of the parents (or husband in the case of marri ed unemployed girl student) is alive, only income of the parents/husband, as the ca se may be, from all sources has to be taken into account only and of no other member even though they may be earning. In the form of income declaration, income is to be declared  on this basis. Only in the case where both the parents (or husband in the case of married but unemployed girl student) have died, the income of the guardian who is supporting the student in hi s/her studies has to be taken. Such students whose parent's income is aff ected due to unfortuna te death of one of earning parents and resultantly comes within the income ceiling pres cribed under the scheme, shall become eligible for scholarship, subject to their fulfilling other c onditions of eligibility, from the month in which such sad incidence takes place. Applications for scholarships from such students can be considered even after lapse of last date of receipt of applications, on compassionate grounds. Note 2: House rent allowance received by the parent s of a student shall be exempted from the computation of 'income' if the same has been permitted to be exempted for the purpose of Income tax. Note 3:  Income certificate is required to be take n once only i.e. at the time of admission to courses which are continuing for more than one year. Note 4:  The revised income ceiling has been further upgraded, after taking into account Consumer Price Index for Industrial worker s upto October 2009. Income Ceiling would be revised once in every two years linking it with Consumer Price Index for Industrial Workers for the month of October of the year , preceding the year of revision and will be made effective from April."
33,"Yaani, agar aapke parents ka annual income 2.5 lakh se zyada hai, to aap is scholarship ke liye eligible nahi hain",SUPPORTED,0.98,Post-Matric Scholarship,"Post-Matric Scholarship,Post-Matric Scholarship","[Post-Matric Scholarship] The annual income of the student’s parents should be ₹2.5 lakh or less.
---
[Post-Matric Scholarship] IV. Means Test Scholarships will be paid to the students whos e parents/guardians' income from all sources does not exceed Rs. 2,50,000/- (Rupees Two lacs Fifty thousand only). Note 1:  So long as either of the parents (or husband in the case of marri ed unemployed girl student) is alive, only income of the parents/husband, as the ca se may be, from all sources has to be taken into account only and of no other member even though they may be earning. In the form of income declaration, income is to be declared  on this basis. Only in the case where both the parents (or husband in the case of married but unemployed girl student) have died, the income of the guardian who is supporting the student in hi s/her studies has to be taken. Such students whose parent's income is aff ected due to unfortuna te death of one of earning parents and resultantly comes within the income ceiling pres cribed under the scheme, shall become eligible for scholarship, subject to their fulfilling other c onditions of eligibility, from the month in which such sad incidence takes place. Applications for scholarships from such students can be considered even after lapse of last date of receipt of applications, on compassionate grounds. Note 2: House rent allowance received by the parent s of a student shall be exempted from the computation of 'income' if the same has been permitted to be exempted for the purpose of Income tax. Note 3:  Income certificate is required to be take n once only i.e. at the time of admission to courses which are continuing for more than one year. Note 4:  The revised income ceiling has been further upgraded, after taking into account Consumer Price Index for Industrial worker s upto October 2009. Income Ceiling would be revised once in every two years linking it with Consumer Price Index for Industrial Workers for the month of October of the year , preceding the year of revision and will be made effective from April."
34,"Haan, diploma students bhi is scholarship ke liye apply kar sakte hain",SUPPORTED,0.9499999999999998,Post-Matric Scholarship,"Post-Matric Scholarship,Post-Matric Scholarship","[Post-Matric Scholarship] III. Conditions of Eligibility i. ii. The scholarships are open to nationals of India. These scholarships will be given for the study of all recognized post-matriculation or post- secondary courses pursued in recognized inst itutions with the following exceptions: ""Scholarships are not awarded for training course s like Aircraft Maintenance Engineer's Courses and Private Pilot license Courses. Courses at Trai ning - Ship Dufferin (Now Rajendra), courses of training at the Military College, Dehradun, course s at Pre-examination Training Centres of all India and State levels."" iii. Only those candidates who belong to Schedule d Castes so specified in relation to the State/Union Territory to which the applicant actually belongs i.e. permanently settled and who have passed the Matriculation or Higher Secondary or any higher examination of a recognised University or Board of Secondary Education, will be eligible. iv. Candidates who after passing one stage of education are studying in the same stage of education in different subject e.g. I.Sc. after I.A. or B.Com. after B.A. or M.A. in other subject will not be eligible. v. Students who, after having completed their educational career in one professional line, e.g. L.L.B. after B.T./B.Ed. will not be eligible. From the academic year 1980-81, studies in two professional courses are allowed. vi. Students studying in Class XI of the Higher Seco ndary School courses of the XII Class of the Multipurpose High School will not be eligible for it being a continuous school course. However, in cases where Xth class examination of such co urses is treated as equivalent to Matriculation and students who after passing Xth class join othe r courses, such students will be treated as post-matric students and will be eligible for the award of scholarships. vii. Students pursuing Post Graduate courses in medicine will be eligible if they are not allowed to practice during the period of their course. viii. Students who after failing or passing the under graduate/post-graduate examinations in Arts/Science/Commerce join any recognised professional or Technical certificate/diploma/degree courses will be awar ded scholarships if otherwise eligible. No subsequent failure will be condoned except courses in Group 'I'. ix. Students who pursue their studies through correspondence courses are also eligible. The term correspondence includes distant and continuing education. x. Employed students whose income combined with the income of their parents/guardians does not exceed the maximum prescr ibed income ceiling are made  eligible to post-matric scholarships to the extent of reimbursement of all compulsorily payable non-refundable fees. xi. All children of the same parents/guardians will be entitled to receive benefits of the scheme. xii. A scholarship holder under this scheme will not ho ld any other scholarship/stipend. If awarded any other scholarship/stipend, the student can exercise his/her option for either of the two scholarships/stipends, whichever is more benefici al to him/her and should inform the awarding authority through the Head of the Institution about the option made. No scholarship will be paid to the students under this scheme from the date he/she accepts another scholarship/stipend. The student can however, accept free lodging or a grant or adhoc monetary help from the State Government or any other source for the purch ase of books, equipment or for meeting the expenses on board and lodging in addition to the scholarship amount paid under this scheme. xiii. Scholarship holders who are receiving coaching in  any of the pre-examination training centres with financial assistance from the Central Government/ State Government will not be eligible for stipend under the coaching schemes for the duration of the coaching programme. Note 1:  It is mentioned under the item III (condition of eligibility) of this scheme that the scholarship will be given for th e study of all recognised post-matriculation or post-secondary courses pursued in recognised institutions, the list of courses grouped (I to IV) is only illustrative and not exhaustive. The State Governments/Un ion Territory Administrations are, thus, themselves competent to decide the appropriate grouping of courses at their level as advised vide this Ministry's letter No.11017/13/88-Sch.Cell, dated 3.8.1989.
---
[Post-Matric Scholarship] II. Scope These scholarships are available for studies in  India only and are awarded by the government of the State/Union Territory to which the applican t actually belongs i.e. permanently settled."
34,yeh scholarship post-matriculation or post-secondary courses ke liye di jaati hai,SUPPORTED,0.9899999999999999,Post-Matric Scholarship,"Post-Matric Scholarship,Post-Matric Scholarship","[Post-Matric Scholarship] The student should be pursuing education after the matriculation examination.
---
[Post-Matric Scholarship] III. Conditions of Eligibility i. ii. The scholarships are open to nationals of India. These scholarships will be given for the study of all recognized post-matriculation or post- secondary courses pursued in recognized inst itutions with the following exceptions: ""Scholarships are not awarded for training course s like Aircraft Maintenance Engineer's Courses and Private Pilot license Courses. Courses at Trai ning - Ship Dufferin (Now Rajendra), courses of training at the Military College, Dehradun, course s at Pre-examination Training Centres of all India and State levels."" iii. Only those candidates who belong to Schedule d Castes so specified in relation to the State/Union Territory to which the applicant actually belongs i.e. permanently settled and who have passed the Matriculation or Higher Secondary or any higher examination of a recognised University or Board of Secondary Education, will be eligible. iv. Candidates who after passing one stage of education are studying in the same stage of education in different subject e.g. I.Sc. after I.A. or B.Com. after B.A. or M.A. in other subject will not be eligible. v. Students who, after having completed their educational career in one professional line, e.g. L.L.B. after B.T./B.Ed. will not be eligible. From the academic year 1980-81, studies in two professional courses are allowed. vi. Students studying in Class XI of the Higher Seco ndary School courses of the XII Class of the Multipurpose High School will not be eligible for it being a continuous school course. However, in cases where Xth class examination of such co urses is treated as equivalent to Matriculation and students who after passing Xth class join othe r courses, such students will be treated as post-matric students and will be eligible for the award of scholarships. vii. Students pursuing Post Graduate courses in medicine will be eligible if they are not allowed to practice during the period of their course. viii. Students who after failing or passing the under graduate/post-graduate examinations in Arts/Science/Commerce join any recognised professional or Technical certificate/diploma/degree courses will be awar ded scholarships if otherwise eligible. No subsequent failure will be condoned except courses in Group 'I'. ix. Students who pursue their studies through correspondence courses are also eligible. The term correspondence includes distant and continuing education. x. Employed students whose income combined with the income of their parents/guardians does not exceed the maximum prescr ibed income ceiling are made  eligible to post-matric scholarships to the extent of reimbursement of all compulsorily payable non-refundable fees. xi. All children of the same parents/guardians will be entitled to receive benefits of the scheme. xii. A scholarship holder under this scheme will not ho ld any other scholarship/stipend. If awarded any other scholarship/stipend, the student can exercise his/her option for either of the two scholarships/stipends, whichever is more benefici al to him/her and should inform the awarding authority through the Head of the Institution about the option made. No scholarship will be paid to the students under this scheme from the date he/she accepts another scholarship/stipend. The student can however, accept free lodging or a grant or adhoc monetary help from the State Government or any other source for the purch ase of books, equipment or for meeting the expenses on board and lodging in addition to the scholarship amount paid under this scheme. xiii. Scholarship holders who are receiving coaching in  any of the pre-examination training centres with financial assistance from the Central Government/ State Government will not be eligible for stipend under the coaching schemes for the duration of the coaching programme. Note 1:  It is mentioned under the item III (condition of eligibility) of this scheme that the scholarship will be given for th e study of all recognised post-matriculation or post-secondary courses pursued in recognised institutions, the list of courses grouped (I to IV) is only illustrative and not exhaustive. The State Governments/Un ion Territory Administrations are, thus, themselves competent to decide the appropriate grouping of courses at their level as advised vide this Ministry's letter No.11017/13/88-Sch.Cell, dated 3.8.1989."
34,diploma courses bhi ismein include hain,SUPPORTED,0.9499999999999998,Post-Matric Scholarship,"Post-Matric Scholarship,Post-Matric Scholarship","[Post-Matric Scholarship] Maintenance allowance course groupings: Group I covers degree/PG courses in Medicine, Engineering, Technology, Architecture, Agriculture, Veterinary Sciences, Management, Computer Science, Commercial Pilot License, M.Phil/Ph.D, and L.L.M. Group II covers professional courses like Pharmacy, Nursing, LLB, Mass Communication, Hotel Management (entrance qualification minimum 10+2), and PG courses not in Group I. Group III covers all other graduate degree courses not in Group I or II (e.g. BA/B.Sc/B.Com). Group IV covers post-matriculation non-degree courses (entrance qualification Class X), e.g. ITI courses and 3-year diploma courses in Polytechnics.
---
[Post-Matric Scholarship] III. Conditions of Eligibility i. ii. The scholarships are open to nationals of India. These scholarships will be given for the study of all recognized post-matriculation or post- secondary courses pursued in recognized inst itutions with the following exceptions: ""Scholarships are not awarded for training course s like Aircraft Maintenance Engineer's Courses and Private Pilot license Courses. Courses at Trai ning - Ship Dufferin (Now Rajendra), courses of training at the Military College, Dehradun, course s at Pre-examination Training Centres of all India and State levels."" iii. Only those candidates who belong to Schedule d Castes so specified in relation to the State/Union Territory to which the applicant actually belongs i.e. permanently settled and who have passed the Matriculation or Higher Secondary or any higher examination of a recognised University or Board of Secondary Education, will be eligible. iv. Candidates who after passing one stage of education are studying in the same stage of education in different subject e.g. I.Sc. after I.A. or B.Com. after B.A. or M.A. in other subject will not be eligible. v. Students who, after having completed their educational career in one professional line, e.g. L.L.B. after B.T./B.Ed. will not be eligible. From the academic year 1980-81, studies in two professional courses are allowed. vi. Students studying in Class XI of the Higher Seco ndary School courses of the XII Class of the Multipurpose High School will not be eligible for it being a continuous school course. However, in cases where Xth class examination of such co urses is treated as equivalent to Matriculation and students who after passing Xth class join othe r courses, such students will be treated as post-matric students and will be eligible for the award of scholarships. vii. Students pursuing Post Graduate courses in medicine will be eligible if they are not allowed to practice during the period of their course. viii. Students who after failing or passing the under graduate/post-graduate examinations in Arts/Science/Commerce join any recognised professional or Technical certificate/diploma/degree courses will be awar ded scholarships if otherwise eligible. No subsequent failure will be condoned except courses in Group 'I'. ix. Students who pursue their studies through correspondence courses are also eligible. The term correspondence includes distant and continuing education. x. Employed students whose income combined with the income of their parents/guardians does not exceed the maximum prescr ibed income ceiling are made  eligible to post-matric scholarships to the extent of reimbursement of all compulsorily payable non-refundable fees. xi. All children of the same parents/guardians will be entitled to receive benefits of the scheme. xii. A scholarship holder under this scheme will not ho ld any other scholarship/stipend. If awarded any other scholarship/stipend, the student can exercise his/her option for either of the two scholarships/stipends, whichever is more benefici al to him/her and should inform the awarding authority through the Head of the Institution about the option made. No scholarship will be paid to the students under this scheme from the date he/she accepts another scholarship/stipend. The student can however, accept free lodging or a grant or adhoc monetary help from the State Government or any other source for the purch ase of books, equipment or for meeting the expenses on board and lodging in addition to the scholarship amount paid under this scheme. xiii. Scholarship holders who are receiving coaching in  any of the pre-examination training centres with financial assistance from the Central Government/ State Government will not be eligible for stipend under the coaching schemes for the duration of the coaching programme. Note 1:  It is mentioned under the item III (condition of eligibility) of this scheme that the scholarship will be given for th e study of all recognised post-matriculation or post-secondary courses pursued in recognised institutions, the list of courses grouped (I to IV) is only illustrative and not exhaustive. The State Governments/Un ion Territory Administrations are, thus, themselves competent to decide the appropriate grouping of courses at their level as advised vide this Ministry's letter No.11017/13/88-Sch.Cell, dated 3.8.1989."
34,"unhein sabhi eligibility conditions ko poora karna hoga, jaise ki SC category se hona, matriculation ya higher secondary pass hona",SUPPORTED,0.9700000000000001,Post-Matric Scholarship,"Post-Matric Scholarship,Post-Matric Scholarship","[Post-Matric Scholarship] III. Conditions of Eligibility i. ii. The scholarships are open to nationals of India. These scholarships will be given for the study of all recognized post-matriculation or post- secondary courses pursued in recognized inst itutions with the following exceptions: ""Scholarships are not awarded for training course s like Aircraft Maintenance Engineer's Courses and Private Pilot license Courses. Courses at Trai ning - Ship Dufferin (Now Rajendra), courses of training at the Military College, Dehradun, course s at Pre-examination Training Centres of all India and State levels."" iii. Only those candidates who belong to Schedule d Castes so specified in relation to the State/Union Territory to which the applicant actually belongs i.e. permanently settled and who have passed the Matriculation or Higher Secondary or any higher examination of a recognised University or Board of Secondary Education, will be eligible. iv. Candidates who after passing one stage of education are studying in the same stage of education in different subject e.g. I.Sc. after I.A. or B.Com. after B.A. or M.A. in other subject will not be eligible. v. Students who, after having completed their educational career in one professional line, e.g. L.L.B. after B.T./B.Ed. will not be eligible. From the academic year 1980-81, studies in two professional courses are allowed. vi. Students studying in Class XI of the Higher Seco ndary School courses of the XII Class of the Multipurpose High School will not be eligible for it being a continuous school course. However, in cases where Xth class examination of such co urses is treated as equivalent to Matriculation and students who after passing Xth class join othe r courses, such students will be treated as post-matric students and will be eligible for the award of scholarships. vii. Students pursuing Post Graduate courses in medicine will be eligible if they are not allowed to practice during the period of their course. viii. Students who after failing or passing the under graduate/post-graduate examinations in Arts/Science/Commerce join any recognised professional or Technical certificate/diploma/degree courses will be awar ded scholarships if otherwise eligible. No subsequent failure will be condoned except courses in Group 'I'. ix. Students who pursue their studies through correspondence courses are also eligible. The term correspondence includes distant and continuing education. x. Employed students whose income combined with the income of their parents/guardians does not exceed the maximum prescr ibed income ceiling are made  eligible to post-matric scholarships to the extent of reimbursement of all compulsorily payable non-refundable fees. xi. All children of the same parents/guardians will be entitled to receive benefits of the scheme. xii. A scholarship holder under this scheme will not ho ld any other scholarship/stipend. If awarded any other scholarship/stipend, the student can exercise his/her option for either of the two scholarships/stipends, whichever is more benefici al to him/her and should inform the awarding authority through the Head of the Institution about the option made. No scholarship will be paid to the students under this scheme from the date he/she accepts another scholarship/stipend. The student can however, accept free lodging or a grant or adhoc monetary help from the State Government or any other source for the purch ase of books, equipment or for meeting the expenses on board and lodging in addition to the scholarship amount paid under this scheme. xiii. Scholarship holders who are receiving coaching in  any of the pre-examination training centres with financial assistance from the Central Government/ State Government will not be eligible for stipend under the coaching schemes for the duration of the coaching programme. Note 1:  It is mentioned under the item III (condition of eligibility) of this scheme that the scholarship will be given for th e study of all recognised post-matriculation or post-secondary courses pursued in recognised institutions, the list of courses grouped (I to IV) is only illustrative and not exhaustive. The State Governments/Un ion Territory Administrations are, thus, themselves competent to decide the appropriate grouping of courses at their level as advised vide this Ministry's letter No.11017/13/88-Sch.Cell, dated 3.8.1989.
---
[Post-Matric Scholarship] The student must belong to Scheduled Castes (SC) or Neo-Buddhist categories."
34,income ceiling ke andar hona,SUPPORTED,0.9366666666666666,Post-Matric Scholarship,"Post-Matric Scholarship,Post-Matric Scholarship","[Post-Matric Scholarship] The annual income of the student’s parents should be ₹2.5 lakh or less.
---
[Post-Matric Scholarship] IV. Means Test Scholarships will be paid to the students whos e parents/guardians' income from all sources does not exceed Rs. 2,50,000/- (Rupees Two lacs Fifty thousand only). Note 1:  So long as either of the parents (or husband in the case of marri ed unemployed girl student) is alive, only income of the parents/husband, as the ca se may be, from all sources has to be taken into account only and of no other member even though they may be earning. In the form of income declaration, income is to be declared  on this basis. Only in the case where both the parents (or husband in the case of married but unemployed girl student) have died, the income of the guardian who is supporting the student in hi s/her studies has to be taken. Such students whose parent's income is aff ected due to unfortuna te death of one of earning parents and resultantly comes within the income ceiling pres cribed under the scheme, shall become eligible for scholarship, subject to their fulfilling other c onditions of eligibility, from the month in which such sad incidence takes place. Applications for scholarships from such students can be considered even after lapse of last date of receipt of applications, on compassionate grounds. Note 2: House rent allowance received by the parent s of a student shall be exempted from the computation of 'income' if the same has been permitted to be exempted for the purpose of Income tax. Note 3:  Income certificate is required to be take n once only i.e. at the time of admission to courses which are continuing for more than one year. Note 4:  The revised income ceiling has been further upgraded, after taking into account Consumer Price Index for Industrial worker s upto October 2009. Income Ceiling would be revised once in every two years linking it with Consumer Price Index for Industrial Workers for the month of October of the year , preceding the year of revision and will be made effective from April."
35,Scholarship application ki last date ke bare mein toh yahan kuchh specifically mentioned nahi hai,SUPPORTED,0.815,Post-Matric Scholarship,"Post-Matric Scholarship,Post-Matric Scholarship","[Post-Matric Scholarship] XI. Announcement of the Scheme All the State Governments/UT Administrations will announce in May-June, the details of the scheme and invite applications by issuing an a dvertisement in the leading newspapers of the State and through their respective websites and other media outfits . All requests for application forms and other particulars shou ld be addressed to the Govern ment of State/Union Territory Administration to which the scholars actually belong. The applicant should submit the completed application to the prescribed authority before the last date prescribed for receipt of applications.
---
[Post-Matric Scholarship] XII. Procedure for Applying i. An application for scholarship should comprise: a. One copy of the application for scholarship in the prescribed form (separate application forms as have been prescribed for 'fresh' and renewal scholarship by concerned States/UTs). b. One copy of the passport size photograph with  signatures of the student thereon (for fresh scholarship). c. One attested copy of certificates, diploma, degree etc. in respect of all examinations passed. d. A certificate (in original) of Caste duly signed by an authorised Revenue Officer not below the rank of Tehsildar. e. An income declaration by the self-employed parents/guardians, stating definite income from all sources by way of an affidavit on non-judicial stamp paper. Employed parents/guardians are required to obtain income certificate from their employer and for any additional income from other sources, they would furnish declaration by way of an affidavit on non-judicial stamp paper. f. A receipt in acknowledgement of the scholarship in the previous year on the form attached to the application only duly count er-signed by the Head of the Institution concerned, if the application was in receipt of a scholarship under this scheme in the preceding year. ii. Application complete in all respects shall be su bmitted to the Head of the Institution, being attended or last attended by the candidates and shall be addressed to an officer specified for this purpose by the Government of State/Unio n Territory to which the student belongs, in accordance with the instructions issued by them from time to time."
35,yeh bataya gaya hai ki State Governments/UT Administrations May-June mein scheme ki details announce karte hain,SUPPORTED,0.9899999999999999,Post-Matric Scholarship,"Post-Matric Scholarship,PM-KISAN","[Post-Matric Scholarship] XI. Announcement of the Scheme All the State Governments/UT Administrations will announce in May-June, the details of the scheme and invite applications by issuing an a dvertisement in the leading newspapers of the State and through their respective websites and other media outfits . All requests for application forms and other particulars shou ld be addressed to the Govern ment of State/Union Territory Administration to which the scholars actually belong. The applicant should submit the completed application to the prescribed authority before the last date prescribed for receipt of applications.
---
[PM-KISAN] Can States/UTs rovide certified lists of beneficiaries on the PM KISAN I Portal in phases or in batches as and when they are finalized? Yes, States/UTs can provide list of eligible beneficiaries as and when they are finalized based on the eligibility criteria in batches/ph rases. The benefits will be released on regular basis based on the approved list provided by the States/UTs."
35,applications maangte hain,SUPPORTED,0.96,Post-Matric Scholarship,"Post-Matric Scholarship,Post-Matric Scholarship","[Post-Matric Scholarship] Application Form: It is necessary to fill the online application form on the website http://mahadbtmahait.gov.in.
---
[Post-Matric Scholarship] XI. Announcement of the Scheme All the State Governments/UT Administrations will announce in May-June, the details of the scheme and invite applications by issuing an a dvertisement in the leading newspapers of the State and through their respective websites and other media outfits . All requests for application forms and other particulars shou ld be addressed to the Govern ment of State/Union Territory Administration to which the scholars actually belong. The applicant should submit the completed application to the prescribed authority before the last date prescribed for receipt of applications."
35,"Toh, aapko apne state government ki website ya unke dwara issue kiye gaye advertisements dekhne chahiye taaki aapko pata chal sake ki application ki last date kya hai",SUPPORTED,0.93,Post-Matric Scholarship,"Post-Matric Scholarship,PM-KISAN","[Post-Matric Scholarship] XI. Announcement of the Scheme All the State Governments/UT Administrations will announce in May-June, the details of the scheme and invite applications by issuing an a dvertisement in the leading newspapers of the State and through their respective websites and other media outfits . All requests for application forms and other particulars shou ld be addressed to the Govern ment of State/Union Territory Administration to which the scholars actually belong. The applicant should submit the completed application to the prescribed authority before the last date prescribed for receipt of applications.
---
[PM-KISAN] State Government to decide about the mechanism / authority for validation if information / declaration furnished by the beneficiary."
36,"Context mein renewal application ki date ke bare mein koi information nahi hai, sirf eligibility criteria",SUPPORTED,0.9566666666666667,Post-Matric Scholarship,"Post-Matric Scholarship,Post-Matric Scholarship","[Post-Matric Scholarship] III. Conditions of Eligibility i. ii. The scholarships are open to nationals of India. These scholarships will be given for the study of all recognized post-matriculation or post- secondary courses pursued in recognized inst itutions with the following exceptions: ""Scholarships are not awarded for training course s like Aircraft Maintenance Engineer's Courses and Private Pilot license Courses. Courses at Trai ning - Ship Dufferin (Now Rajendra), courses of training at the Military College, Dehradun, course s at Pre-examination Training Centres of all India and State levels."" iii. Only those candidates who belong to Schedule d Castes so specified in relation to the State/Union Territory to which the applicant actually belongs i.e. permanently settled and who have passed the Matriculation or Higher Secondary or any higher examination of a recognised University or Board of Secondary Education, will be eligible. iv. Candidates who after passing one stage of education are studying in the same stage of education in different subject e.g. I.Sc. after I.A. or B.Com. after B.A. or M.A. in other subject will not be eligible. v. Students who, after having completed their educational career in one professional line, e.g. L.L.B. after B.T./B.Ed. will not be eligible. From the academic year 1980-81, studies in two professional courses are allowed. vi. Students studying in Class XI of the Higher Seco ndary School courses of the XII Class of the Multipurpose High School will not be eligible for it being a continuous school course. However, in cases where Xth class examination of such co urses is treated as equivalent to Matriculation and students who after passing Xth class join othe r courses, such students will be treated as post-matric students and will be eligible for the award of scholarships. vii. Students pursuing Post Graduate courses in medicine will be eligible if they are not allowed to practice during the period of their course. viii. Students who after failing or passing the under graduate/post-graduate examinations in Arts/Science/Commerce join any recognised professional or Technical certificate/diploma/degree courses will be awar ded scholarships if otherwise eligible. No subsequent failure will be condoned except courses in Group 'I'. ix. Students who pursue their studies through correspondence courses are also eligible. The term correspondence includes distant and continuing education. x. Employed students whose income combined with the income of their parents/guardians does not exceed the maximum prescr ibed income ceiling are made  eligible to post-matric scholarships to the extent of reimbursement of all compulsorily payable non-refundable fees. xi. All children of the same parents/guardians will be entitled to receive benefits of the scheme. xii. A scholarship holder under this scheme will not ho ld any other scholarship/stipend. If awarded any other scholarship/stipend, the student can exercise his/her option for either of the two scholarships/stipends, whichever is more benefici al to him/her and should inform the awarding authority through the Head of the Institution about the option made. No scholarship will be paid to the students under this scheme from the date he/she accepts another scholarship/stipend. The student can however, accept free lodging or a grant or adhoc monetary help from the State Government or any other source for the purch ase of books, equipment or for meeting the expenses on board and lodging in addition to the scholarship amount paid under this scheme. xiii. Scholarship holders who are receiving coaching in  any of the pre-examination training centres with financial assistance from the Central Government/ State Government will not be eligible for stipend under the coaching schemes for the duration of the coaching programme. Note 1:  It is mentioned under the item III (condition of eligibility) of this scheme that the scholarship will be given for th e study of all recognised post-matriculation or post-secondary courses pursued in recognised institutions, the list of courses grouped (I to IV) is only illustrative and not exhaustive. The State Governments/Un ion Territory Administrations are, thus, themselves competent to decide the appropriate grouping of courses at their level as advised vide this Ministry's letter No.11017/13/88-Sch.Cell, dated 3.8.1989.
---
[Post-Matric Scholarship] Eligibility Criteria:"
36,scheme ke baare mein bataya gaya hai,SUPPORTED,0.9499999999999998,Post-Matric Scholarship,"Post-Matric Scholarship,Ayushman Bharat","[Post-Matric Scholarship] Objective of the Scheme:
---
[Ayushman Bharat] Does the scheme covers OPD services? No"
36,"Toh, mujhe kehna padega ki context mein is sawal ka jawab nahi hai",SUPPORTED,0.8833333333333334,Ayushman Bharat,"Ayushman Bharat,Ayushman Bharat","[Ayushman Bharat] Acting as a steward, align the growth of private sector with public health goals.
---
[Ayushman Bharat] Improved quality of life for the population."
37,"Sorry, context mein is sawal ka jawab nahi hai",UNVERIFIABLE,0.8000000000000002,Post-Matric Scholarship,"Post-Matric Scholarship,Post-Matric Scholarship","[Post-Matric Scholarship] The student must belong to Scheduled Castes (SC) or Neo-Buddhist categories.
---
[Post-Matric Scholarship] The student should be a resident of Maharashtra."
37,Context sirf documents ke baare mein batata hai,CONTRADICTED,0.96,PM Awas Yojana,"PM Awas Yojana,Post-Matric Scholarship","[PM Awas Yojana] 5.1.5 Beneficiaries desirous of availing this assistance shall approach the ULBs/ Implementing Agencies or register their demand through Unified Web Portal with necessary documents, including ownership proof of land and submit the application. Such beneficiaries may include families residing either in tenable slums or outside the slums/peripheral areas of the ULB. Ministry of Housing and Urban Affairs
---
[Post-Matric Scholarship] The student must belong to Scheduled Castes (SC) or Neo-Buddhist categories."
37,result aane ke time ke baare mein kuch nahi kehtha,UNVERIFIABLE,0.8833333333333333,Ayushman Bharat,"Ayushman Bharat,Ayushman Bharat","[Ayushman Bharat] Improved health outcomes.
---
[Ayushman Bharat] Enhanced patient satisfaction."
38,Post-Matric scholarship mein milne wali amount alag-alag categories ke hisab se different hai,UNVERIFIABLE,0.9,Post-Matric Scholarship,"Post-Matric Scholarship,Post-Matric Scholarship","[Post-Matric Scholarship] III. Conditions of Eligibility i. ii. The scholarships are open to nationals of India. These scholarships will be given for the study of all recognized post-matriculation or post- secondary courses pursued in recognized inst itutions with the following exceptions: ""Scholarships are not awarded for training course s like Aircraft Maintenance Engineer's Courses and Private Pilot license Courses. Courses at Trai ning - Ship Dufferin (Now Rajendra), courses of training at the Military College, Dehradun, course s at Pre-examination Training Centres of all India and State levels."" iii. Only those candidates who belong to Schedule d Castes so specified in relation to the State/Union Territory to which the applicant actually belongs i.e. permanently settled and who have passed the Matriculation or Higher Secondary or any higher examination of a recognised University or Board of Secondary Education, will be eligible. iv. Candidates who after passing one stage of education are studying in the same stage of education in different subject e.g. I.Sc. after I.A. or B.Com. after B.A. or M.A. in other subject will not be eligible. v. Students who, after having completed their educational career in one professional line, e.g. L.L.B. after B.T./B.Ed. will not be eligible. From the academic year 1980-81, studies in two professional courses are allowed. vi. Students studying in Class XI of the Higher Seco ndary School courses of the XII Class of the Multipurpose High School will not be eligible for it being a continuous school course. However, in cases where Xth class examination of such co urses is treated as equivalent to Matriculation and students who after passing Xth class join othe r courses, such students will be treated as post-matric students and will be eligible for the award of scholarships. vii. Students pursuing Post Graduate courses in medicine will be eligible if they are not allowed to practice during the period of their course. viii. Students who after failing or passing the under graduate/post-graduate examinations in Arts/Science/Commerce join any recognised professional or Technical certificate/diploma/degree courses will be awar ded scholarships if otherwise eligible. No subsequent failure will be condoned except courses in Group 'I'. ix. Students who pursue their studies through correspondence courses are also eligible. The term correspondence includes distant and continuing education. x. Employed students whose income combined with the income of their parents/guardians does not exceed the maximum prescr ibed income ceiling are made  eligible to post-matric scholarships to the extent of reimbursement of all compulsorily payable non-refundable fees. xi. All children of the same parents/guardians will be entitled to receive benefits of the scheme. xii. A scholarship holder under this scheme will not ho ld any other scholarship/stipend. If awarded any other scholarship/stipend, the student can exercise his/her option for either of the two scholarships/stipends, whichever is more benefici al to him/her and should inform the awarding authority through the Head of the Institution about the option made. No scholarship will be paid to the students under this scheme from the date he/she accepts another scholarship/stipend. The student can however, accept free lodging or a grant or adhoc monetary help from the State Government or any other source for the purch ase of books, equipment or for meeting the expenses on board and lodging in addition to the scholarship amount paid under this scheme. xiii. Scholarship holders who are receiving coaching in  any of the pre-examination training centres with financial assistance from the Central Government/ State Government will not be eligible for stipend under the coaching schemes for the duration of the coaching programme. Note 1:  It is mentioned under the item III (condition of eligibility) of this scheme that the scholarship will be given for th e study of all recognised post-matriculation or post-secondary courses pursued in recognised institutions, the list of courses grouped (I to IV) is only illustrative and not exhaustive. The State Governments/Un ion Territory Administrations are, thus, themselves competent to decide the appropriate grouping of courses at their level as advised vide this Ministry's letter No.11017/13/88-Sch.Cell, dated 3.8.1989.
---
[Post-Matric Scholarship] IV. Means Test Scholarships will be paid to the students whos e parents/guardians' income from all sources does not exceed Rs. 2,50,000/- (Rupees Two lacs Fifty thousand only). Note 1:  So long as either of the parents (or husband in the case of marri ed unemployed girl student) is alive, only income of the parents/husband, as the ca se may be, from all sources has to be taken into account only and of no other member even though they may be earning. In the form of income declaration, income is to be declared  on this basis. Only in the case where both the parents (or husband in the case of married but unemployed girl student) have died, the income of the guardian who is supporting the student in hi s/her studies has to be taken. Such students whose parent's income is aff ected due to unfortuna te death of one of earning parents and resultantly comes within the income ceiling pres cribed under the scheme, shall become eligible for scholarship, subject to their fulfilling other c onditions of eligibility, from the month in which such sad incidence takes place. Applications for scholarships from such students can be considered even after lapse of last date of receipt of applications, on compassionate grounds. Note 2: House rent allowance received by the parent s of a student shall be exempted from the computation of 'income' if the same has been permitted to be exempted for the purpose of Income tax. Note 3:  Income certificate is required to be take n once only i.e. at the time of admission to courses which are continuing for more than one year. Note 4:  The revised income ceiling has been further upgraded, after taking into account Consumer Price Index for Industrial worker s upto October 2009. Income Ceiling would be revised once in every two years linking it with Consumer Price Index for Industrial Workers for the month of October of the year , preceding the year of revision and will be made effective from April."
38,"Is scheme mein maintenance allowance, fees, study tour charges, thesis typing/printing charges, book allowance",SUPPORTED,0.98,Post-Matric Scholarship,"Post-Matric Scholarship,Post-Matric Scholarship","[Post-Matric Scholarship] V. Value of Scholarship: the scholarship covers maintenance allowance, reimbursement of compulsory non-refundable fees, study tour charges, thesis typing/printing charges for research scholars, book allowance for correspondence course students, book bank facility for specified courses, and additional allowance for students with disabilities, for the complete duration of the course.
---
[Post-Matric Scholarship] Students are provided with maintenance allowance, tuition fees, examination fees, and other approved fees."
38,additional allowance for students with disabilities shamil hai,SUPPORTED,0.9866666666666667,Post-Matric Scholarship,"Post-Matric Scholarship,Post-Matric Scholarship","[Post-Matric Scholarship] Additional allowances for SC students with disabilities: Reader Allowance for blind scholars is Rs.240/month for Group I & II courses, Rs.200/month for Group III, and Rs.160/month for Group IV. Transport allowance up to Rs.160/month for disabled day scholars not residing in hostel. Escort Allowance of Rs.160/month for severely handicapped day scholar students with low extremity disability. Special Pay of Rs.160/month for a hostel employee assisting a severely orthopaedically handicapped student. Extra coaching allowance of Rs.240/month for mentally retarded and mentally ill students.
---
[Post-Matric Scholarship] Students are provided with maintenance allowance, tuition fees, examination fees, and other approved fees."
38,Maintenance allowance ki amount Group I ke liye 1200 rupees per month hostellers ke liye,CONTRADICTED,0.775,Post-Matric Scholarship,"Post-Matric Scholarship,Post-Matric Scholarship","[Post-Matric Scholarship] Rate of Maintenance allowance (in Rupees per month): Group I - Rs.1200 for hostellers, Rs.550 for day scholars. Group II - Rs.820 for hostellers, Rs.530 for day scholars. Group III - Rs.570 for hostellers, Rs.300 for day scholars. Group IV - Rs.380 for hostellers, Rs.230 for day scholars.
---
[Post-Matric Scholarship] Maintenance allowance ranges from ₹250/- to ₹700/- per month (revised rates)."
38,550 rupees per month day scholars ke liye hai,SUPPORTED,0.9533333333333333,Post-Matric Scholarship,"Post-Matric Scholarship,Post-Matric Scholarship","[Post-Matric Scholarship] Rate of Maintenance allowance (in Rupees per month): Group I - Rs.1200 for hostellers, Rs.550 for day scholars. Group II - Rs.820 for hostellers, Rs.530 for day scholars. Group III - Rs.570 for hostellers, Rs.300 for day scholars. Group IV - Rs.380 for hostellers, Rs.230 for day scholars.
---
[Post-Matric Scholarship] For students residing in hostels, the maintenance allowance ranges from ₹400/- to ₹1350/- per month (revised rates)."
